country_code,country_name,year,gdp_usd,gdp_growth_pct,gdp_per_capita_usd,inflation_pct,unemployment_pct,trade_pct_gdp,exports_pct_gdp,imports_pct_gdp,total_petroleum_production_tbpd,crude_oil_production_tbpd,petroleum_consumption_tj,previous_petroleum_production_tbpd,previous_crude_oil_production_tbpd,gdp_growth_5yr_avg,inflation_5yr_avg,petroleum_production_5yr_avg,petroleum_production_yoy_pct,crude_oil_production_yoy_pct,crude_share_of_petroleum_production_pct,energy_signal
ABW,Aruba,2021,2889305033.55975,14.83369198,26827.344787,,,139.51090258,67.32354871,72.18735388,0.0,0.0,16796.1621064,0.0,0.0,-0.234264446,2.285073886666667,0.0,,,,normal_or_insufficient_data
ABW,Aruba,2022,3326671314.7742,10.60796076,31000.57137987,,,160.558141,80.74281438,79.81532662,0.0,0.0,17200.06913845,0.0,0.0,1.188641736,3.941751725,0.0,,,,normal_or_insufficient_data
ABW,Aruba,2023,3746573413.07565,9.51636022,34897.6183932,,,153.71915834,79.85889337,73.86026497,0.0,0.0,16997.84658318,0.0,0.0,2.449419556,4.25746204,0.0,,,,normal_or_insufficient_data
ABW,Aruba,2024,4167588070.29217,6.81077669,38590.56502886,,,164.13864515,85.96881518,78.16982997,0.0,0.0,17135.65396944,0.0,0.0,3.565746076,,0.0,,,,normal_or_insufficient_data
ABW,Aruba,2025,,,,,,,,,0.0,0.0,,0.0,0.0,10.4421974125,,0.0,,,,normal_or_insufficient_data
AFE,Africa Eastern and Southern,2021,1113059797223.9,4.45264296,1560.8946258,6.82472709,8.40741155,54.55133235,25.72826884,26.28816713,,,,,,1.768508314,5.406077804,,,,,normal_or_insufficient_data
AFE,Africa Eastern and Southern,2022,1226461319482.05,3.66802914,1675.90252378,10.88347757,7.86947019,57.11737637,27.03307894,29.47246011,,,,,,1.966341608,6.33849826,,,,,normal_or_insufficient_data
AFE,Africa Eastern and Southern,2023,1179121535535.41,1.94138158,1571.13270408,7.39918558,7.67654773,56.28372092,26.16046572,29.50350669,,,,,,1.81337644,6.880374082,,,,,normal_or_insufficient_data
AFE,Africa Eastern and Southern,2024,1252564134751.16,2.78793147,1628.227289,4.77085732,7.57169749,54.20327072,25.52158244,28.30573729,,,,,,1.983844208,7.013975396,,,,,normal_or_insufficient_data
AFE,Africa Eastern and Southern,2025,1358694050872.54,3.74301587,1722.38561961,4.27011141,7.53923324,51.99481747,25.56655872,27.7853991,,,,,,3.318600204,6.829671794,,,,,normal_or_insufficient_data
AFG,Afghanistan,2021,14259995441.0759,-20.73883937,356.49621412,5.13320341,12.006,51.41171637,14.3421528,37.06956358,0.0,0.0,110589.72005628,0.0,0.0,-3.068421058,3.7279129,0.0,,,,normal_or_insufficient_data
AFG,Afghanistan,2022,14497243872.1337,-6.24017199,357.2611528,13.71210237,14.1,72.88546961,18.3800424,54.50542721,0.0,0.0,105946.02887824,0.0,0.0,-4.845856096,5.475143072,0.0,,,,normal_or_insufficient_data
AFG,Afghanistan,2023,17152234636.8715,2.26694374,413.75789471,-4.64470871,14.008,66.99957806,16.23527844,50.76429962,0.0,0.0,109082.9314898,0.0,0.0,-4.630312974,4.4209715,0.0,,,,normal_or_insufficient_data
AFG,Afghanistan,2024,17778508875.7396,1.8731928,416.87114627,-6.60118564,13.687,83.76302509,15.70275185,68.06027324,0.0,0.0,112001.94185658,0.0,0.0,-5.037995098,2.640259868,0.0,,,,normal_or_insufficient_data
AFG,Afghanistan,2025,,,,,13.351,,,,0.0,0.0,,0.0,0.0,-5.709718705,1.8998528575,0.0,,,,normal_or_insufficient_data
AFW,Africa Western and Central,2021,1026670180885.97,2.54547275,2116.93829418,3.74556782,4.67076109,,,,,,,,,1.462507328,2.345714782,,,,,normal_or_insufficient_data
AFW,Africa Western and Central,2022,1063748247138.21,4.47710764,2143.07209366,7.94925144,3.59653801,,,,,,,,,1.897376738,3.590467866,,,,,normal_or_insufficient_data
AFW,Africa Western and Central,2023,938480674635.085,3.64459088,1846.24681069,5.22116801,3.20335496,,,,,,,,,2.046304076,4.277891478,,,,,normal_or_insufficient_data
AFW,Africa Western and Central,2024,737366967283.718,4.59618335,1416.22841157,3.60804427,3.17491539,,,,,,,,,2.308912264,4.602881876,,,,,normal_or_insufficient_data
AFW,Africa Western and Central,2025,852526995230.254,4.60009996,1600.05837434,1.65781768,3.19297271,,,,,,,,,3.972690916,4.436369844,,,,,normal_or_insufficient_data
AGO,Angola,2021,78283923543.8237,1.0905837,2266.96834862,25.75429488,15.799,62.52877053,40.09230521,22.43646532,1150.41740361,1112.22735757,222023.71690695,1284.13902983,1242.9319744,-1.181905584,22.916041228,1453.791955896,-10.41332932912277,-10.515830272456784,96.68033133711643,production_below_trend
AGO,Angola,2022,128233959333.275,3.55749207,3598.53669077,21.35529013,14.124,56.53807223,36.01348571,20.52458651,1185.2543994,1153.14067007,257524.70046048,1150.41740361,1112.22735757,-0.437469438,21.218203274,1349.171929652,3.0282048655280946,3.678502621027738,97.29056231757025,production_below_trend
AGO,Angola,2023,106042349567.303,1.32016587,2885.51349131,13.64410178,14.051,53.60701265,32.66937237,20.93764028,1174.42220271,1144.40214682,267105.35036159,1185.2543994,1153.14067007,-0.072096756,20.021236036,1256.633081922,-0.9139132236491575,-0.7578020164243742,97.44384465648486,normal_or_insufficient_data
AGO,Angola,2024,103080538044.058,4.9526786,2720.8190067,28.24049489,14.02,49.84895067,30.8795219,18.96942877,1164.04854651,1135.79515641,273401.35184975,1174.42220271,1144.40214682,1.129485792,22.253144186,1191.656316412,-0.8832987128532316,-0.7520949199472072,97.5728340381758,normal_or_insufficient_data
AGO,Angola,2025,122174889423.635,3.13353542,3129.47662331,20.16201976,14.108,34.64664037,22.97775006,11.66889031,1059.4320669,1030.81472386,,1164.04854651,1135.79515641,2.810891132,21.831240288,1146.714923826,-8.987295239846878,-9.242901940330524,97.29880339343163,normal_or_insufficient_data
ALB,Albania,2021,18031989573.0294,8.96957619,7242.45513147,2.04147163,11.474,75.59040409,31.13305626,44.45734783,16.15055317,16.09321096,52341.95388199,17.31385896,17.26142896,2.934598586,1.817634,16.925720426,-6.7189284184858575,-6.767794269565502,99.64495203726821,normal_or_insufficient_data
ALB,Albania,2022,19017247013.8821,4.82680062,7756.96188744,6.72520272,10.785,84.69804359,37.19707556,47.50096803,15.05975827,15.0032137,55168.9971402,16.15055317,16.09321096,3.243323524,2.765342278,16.52686408,-6.7539166523792815,-6.773025362739668,99.62453202112387,normal_or_insufficient_data
ALB,Albania,2023,23491242727.4082,4.01541717,9740.70234146,4.75834555,10.669,82.3524934,38.41882129,43.93367211,14.04472675,13.98678082,50759.26459747,15.05975827,15.0032137,3.312123102,3.311399462,16.12487143,-6.740025316488696,-6.774767728596707,99.58741860178945,production_below_trend
ALB,Albania,2024,27037474263.2977,4.04592845,11374.00857812,2.21587375,10.689,79.45463608,36.28486854,43.16976754,13.06911193,13.04045902,51676.667313,14.04472675,13.98678082,3.708793212,3.472356054,15.127601816,-6.9464848791024005,-6.765829908815286,99.78075855380634,production_below_trend
ALB,Albania,2025,30540188271.3421,3.78893836,12998.14786955,2.14618551,10.926,79.53281462,37.01411941,42.51869522,12.15639452,12.15639452,,13.06911193,13.04045902,5.129332158,3.577415832,14.096108928,-6.9837752931388355,-6.77939709517986,100.0,production_below_trend
AND,Andorra,2021,3324647529.41855,8.28677879,42425.69967611,,,,,,,,,,,0.210644774,,,,,,normal_or_insufficient_data
AND,Andorra,2022,3380612573.4825,9.56461226,42414.05901113,,,,,,,,,,,2.054352848,,,,,,normal_or_insufficient_data
AND,Andorra,2023,3785067331.88242,2.58355481,46812.44845011,,,,,,,,,,,2.253310712,,,,,,normal_or_insufficient_data
AND,Andorra,2024,4044249678.65625,3.8491605,49357.43707018,,,,,,,,,,,2.620033284,,,,,,normal_or_insufficient_data
AND,Andorra,2025,4500982731.80784,3.86803451,54291.50260311,,,,,,,,,,,5.630428174,,,,,,normal_or_insufficient_data
ARB,Arab World,2021,3090113052044.16,4.43140397,6708.20761929,2.86833028,10.86274891,79.44272273,41.36020612,35.68975341,,,,,,0.9792271,2.005891756,,,,,normal_or_insufficient_data
ARB,Arab World,2022,3752344988903.0,6.99667634,7960.81158771,5.17222089,9.74413096,86.55557855,47.65670083,35.9635478,,,,,,2.112308386,2.626470078,,,,,normal_or_insufficient_data
ARB,Arab World,2023,3617895070373.04,1.64872928,7504.35637696,4.00025877,9.31338863,87.03904513,46.82682428,40.46645657,,,,,,1.90797756,2.964772438,,,,,normal_or_insufficient_data
ARB,Arab World,2024,3745043769553.0,2.00521809,7602.41115691,2.30890057,9.26592419,65.35409123,,42.73321639,,,,,,1.959122702,3.159349416,,,,,normal_or_insufficient_data
ARB,Arab World,2025,3797527236194.65,3.67757994,7544.41435641,1.76646491,9.190173,,,,,,,,,3.751921524,3.223235084,,,,,normal_or_insufficient_data
ARE,United Arab Emirates,2021,422441282436.237,4.5528014,44118.49362143,0.17993534,3.105,182.90940108,100.64259958,82.26680149,3637.15933316,3076.2739726,1703325.77392812,3676.4023929,3122.75409836,-0.478701166,0.240982076,3759.90996384,-1.0674310248461267,-1.4884337445721492,84.57902694978453,normal_or_insufficient_data
ARE,United Arab Emirates,2022,511403404642.173,7.51452414,50759.75901902,5.29122604,2.872,185.74166063,102.05198878,83.68967185,4250.52128432,3683.35890411,1862450.28937277,3637.15933316,3076.2739726,1.23647789,0.905862168,3863.615865088,16.863763585168677,19.734423426431846,86.65663945026604,normal_or_insufficient_data
ARE,United Arab Emirates,2023,522622268401.125,4.30113648,49850.69450821,1.62670837,2.151,199.04495013,106.84612339,92.19882674,4183.47961757,3615.5890411,2001933.09377315,4250.52128432,3683.35890411,1.789263918,0.617477084,3947.423858192,-1.5772575236198436,-1.8398930100018327,86.42540114011926,normal_or_insufficient_data
ARE,United Arab Emirates,2024,552324919095.872,3.991812,50273.51262432,1.6633651,2.16,,,,4242.75324173,3674.86885246,1965150.26905642,4183.47961757,3615.5890411,2.333368076,1.336366334,3998.063173936,1.4168498374190586,1.6395616505675883,86.61519167118843,normal_or_insufficient_data
ARE,United Arab Emirates,2025,,,,1.25086525,2.174,,,,4339.25110395,3771.21917808,,4242.75324173,3674.86885246,5.090068505,2.00242002,4130.632916146,2.274416086019007,2.6218711330474274,86.90944791480439,normal_or_insufficient_data
ARG,Argentina,2021,486564085480.036,10.44181199,10738.01792234,48.40937863,8.736,33.07868957,18.06670917,15.0119804,708.55453457,513.56190134,1527654.25836723,656.84170817,480.33938819,-0.25168546,44.5625003575,695.92484444,7.872951086506824,6.916466558195039,72.4802222388803,normal_or_insufficient_data
ARG,Argentina,2022,633993756301.08,6.02074538,13962.18940872,72.43075753,6.805,31.58017926,16.28166773,15.29851154,787.22749292,582.66745849,1579126.10768756,708.55453457,513.56190134,0.38876302,50.136151792,716.108440702,11.103303205552725,13.456130014646307,74.01513078878358,normal_or_insufficient_data
ARG,Argentina,2023,649461687959.174,-1.85578803,14261.84656679,133.48893559,6.139,26.67695125,12.8223121,13.85463915,819.01880402,635.31716817,1554179.05883896,787.22749292,582.66745849,0.541084706,69.978494168,738.94037253,4.0383893329333596,9.035979084269316,77.57052280749416,normal_or_insufficient_data
ARG,Argentina,2024,638365455340.04,-1.34293072,13969.78366037,219.88392901,7.15,27.92976085,15.24974859,12.68001226,891.92612084,700.7792576,1536780.23827898,819.01880402,635.31716817,0.672670762,103.2456191,772.713732104,8.901787903055233,10.303843923903448,78.5692044695382,normal_or_insufficient_data
ARG,Argentina,2025,683097891618.597,4.3673333,14898.08859438,,7.145,30.36463369,15.55566112,14.80897256,983.53716616,794.00444692,,891.92612084,700.7792576,3.526234384,118.55325019,838.052823702,10.271147259789002,13.303074871147556,80.7294807190675,normal_or_insufficient_data
ARM,Armenia,2021,13878908628.9378,5.8,4685.17997129,7.18483629,15.469,79.24890576,35.6688924,43.58001337,0.0,0.0,28965.25016442,0.0,0.0,3.78,2.665901154,0.0,,,,normal_or_insufficient_data
ARM,Armenia,2022,19513506553.1251,12.6,6571.97445545,8.64091109,13.451,103.87862921,51.57092037,52.30770885,0.0,0.0,30999.58775833,0.0,0.0,4.8,4.200172718,0.0,,,,normal_or_insufficient_data
ARM,Armenia,2023,24185982215.6543,8.3,8159.08720968,1.98041878,12.405,123.41875008,61.00832948,62.4104206,0.0,0.0,34427.86514472,0.0,0.0,5.42,4.09220971,0.0,,,,normal_or_insufficient_data
ARM,Armenia,2024,25955275380.0321,5.9,8556.21406957,0.26951198,12.405,150.06472659,73.62535401,76.43937258,0.0,0.0,36785.79891918,0.0,0.0,5.08,3.857422784,0.0,,,,normal_or_insufficient_data
ARM,Armenia,2025,29243452882.3545,7.2,9474.018493,3.30693341,12.871,101.7059364,48.09890272,53.60703368,0.0,0.0,,0.0,0.0,7.96,4.27652231,0.0,,,,normal_or_insufficient_data
ASM,American Samoa,2021,750000000.0,-0.78247261,15236.16048756,,,136.8,44.26666667,92.53333333,0.0,0.0,6650.45494539,0.0,0.0,-0.234994378,,0.0,,,,normal_or_insufficient_data
ASM,American Samoa,2022,871000000.0,1.73501577,18017.4589384,,,124.68427095,46.95752009,77.72675086,0.0,0.0,6650.41134287,0.0,0.0,1.509524304,,0.0,,,,normal_or_insufficient_data
ASM,American Samoa,2023,,,,,,,,,0.0,0.0,6771.6748978,0.0,0.0,1.2191257475,,0.0,,,,normal_or_insufficient_data
ASM,American Samoa,2024,,,,,,,,,0.0,0.0,8325.59379216,0.0,0.0,1.7881026233333333,,0.0,,,,normal_or_insufficient_data
ASM,American Samoa,2025,,,,,,,,,0.0,0.0,,0.0,0.0,0.47627158,,0.0,,,,normal_or_insufficient_data
ATG,Antigua and Barbuda,2021,1602125925.92593,8.17286311,17348.60069872,2.06299639,,101.07496058,46.96121357,54.11374701,0.0,0.0,10875.95885227,0.0,0.0,0.380207996,1.55199758,0.0,,,,normal_or_insufficient_data
ATG,Antigua and Barbuda,2022,1857114814.81481,8.49776342,20003.39093941,7.53107835,,118.30258406,55.00228351,63.30030055,0.0,0.0,10913.14957107,0.0,0.0,1.537215364,2.571715672,0.0,,,,normal_or_insufficient_data
ATG,Antigua and Barbuda,2023,2054096296.2963,3.8655016,22012.2625948,5.06713865,,,,,0.0,0.0,11028.54102967,0.0,0.0,0.96791471,3.343711816,0.0,,,,normal_or_insufficient_data
ATG,Antigua and Barbuda,2024,2162366666.66667,2.54044194,23059.83307028,6.19886699,,,,,0.0,0.0,11128.67247694,0.0,0.0,0.84155871,4.297214018,0.0,,,,normal_or_insufficient_data
ATG,Antigua and Barbuda,2025,2338196296.2963,4.99803998,24819.24546802,1.36873528,,,,,0.0,0.0,,0.0,0.0,5.61492201,4.445763132,0.0,,,,normal_or_insufficient_data
AUS,Australia,2021,1560617493202.69,2.00694844,60758.90443971,2.86391285,5.022,40.20223594,22.00181442,18.20042152,460.13427046,334.44762055,2201095.6945287,475.17315044,351.19311984,1.846982854,1.836325526,422.447653178,-3.164926293936079,-4.76817407403342,72.68478833703257,normal_or_insufficient_data
AUS,Australia,2022,1695627535475.8,4.25304559,65169.51911187,6.59409659,3.728,45.69464188,25.46152984,20.23311204,436.04135699,310.93469647,2306032.86982702,460.13427046,334.44762055,2.238929912,2.765416226,442.265555902,-5.236061518720202,-7.030375650851674,71.3085333502278,normal_or_insufficient_data
AUS,Australia,2023,1734451264655.6,3.58382101,65058.37731467,5.59701792,3.668,49.04433932,26.70106825,22.34327107,405.27734348,279.66333121,2424100.04676549,436.04135699,310.93469647,2.380860036,3.502539804,450.387132198,-7.055297167765104,-10.057213175312896,69.00541955013112,production_below_trend
AUS,Australia,2024,1757022451652.83,1.37340773,64609.98651161,3.16656665,3.942,47.14538111,24.62152405,22.52385705,393.07466256,270.3931134,2480189.70625118,405.27734348,279.66333121,2.216738174,3.813698948,433.940156786,-3.010945742789145,-3.314777725735866,68.78925027601504,normal_or_insufficient_data
AUS,Australia,2025,1798518933689.21,1.35039785,65129.72279906,2.87403792,4.09,45.90144939,23.24443835,22.65701104,363.36884043,245.5834025,2483575.16761481,393.07466256,270.3931134,2.513524124,4.219126386,411.579294784,-7.557297622933308,-9.175422623762724,67.58515733197811,production_below_trend
AUT,Austria,2021,480466363176.806,4.92309172,53648.64379762,2.76666667,6.459,111.03293212,55.95394507,55.07898706,24.90202726,10.84138082,557202.11532849,24.46700437,10.81840437,1.023256778,1.951824372,25.984100026,1.7779981701944658,0.2123829837948644,43.53613746706661,normal_or_insufficient_data
AUT,Austria,2022,473221298968.216,5.33096379,52336.77252238,8.54686993,4.992,123.57957865,61.42731212,62.15226653,23.94635507,9.95256438,538048.4367726,24.90202726,10.84138082,1.634999552,3.244944536,25.336041176,-3.8377284709469874,-8.198369329120199,41.561917673510884,normal_or_insufficient_data
AUT,Austria,2023,516670509628.876,-0.78624429,56579.50417547,7.81413417,5.264,115.15291482,58.48675957,56.66615525,23.10377275,8.99167397,533635.92804167,23.94635507,9.95256438,0.980906466,4.408095408,24.572254904,-3.5186245152423523,-9.654701776468187,38.91863925124523,normal_or_insufficient_data
AUT,Austria,2024,534790720466.822,-0.65908957,58268.87876516,2.93791574,5.2,108.82577783,55.67828509,53.14749275,22.86134632,8.90072951,530042.20049852,23.10377275,8.99167397,0.498093312,4.689499428,23.856101154,-1.0492936916547537,-1.0114296882141067,38.933531671375334,normal_or_insufficient_data
AUT,Austria,2025,579470021095.418,0.61574728,62930.03513246,3.5271944,5.582,107.01983927,54.70194738,52.31789189,22.70565414,8.75498082,512761.81149023,22.86134632,8.90072951,1.884893786,5.118556182,23.503831108,-0.681028045420905,-1.6374915093897735,38.55859322976546,normal_or_insufficient_data
AZE,Azerbaijan,2021,54825411764.7059,5.61644027,5408.04535175,6.65029913,6.04,76.28686569,46.48874717,29.79811852,716.73507282,710.75838767,208748.87756258,700.36833227,694.81929866,1.110260948,5.44502915,756.027748152,2.3368761544304713,2.293990544122691,99.16612352643988,normal_or_insufficient_data
AZE,Azerbaijan,2022,78807470588.2353,4.71468033,7770.59422335,13.85225901,5.65,86.98227325,59.98684807,26.99542519,672.77608156,666.86879862,224824.45762275,716.73507282,710.75838767,2.022474082,5.628297268,731.618794422,-6.133227314667746,-6.175036385272687,99.121954079238,normal_or_insufficient_data
AZE,Azerbaijan,2023,72428470588.2353,1.35447749,7133.02838048,8.7854305,5.64,83.53588612,48.9964135,34.53947262,623.16715973,617.13811369,239654.66030505,672.77608156,666.86879862,1.993289246,6.931673988,697.251002096,-7.373764197289725,-7.457341688936611,99.03251544214682,production_below_trend
AZE,Azerbaijan,2024,74426000000.0,4.158068,7294.64276088,2.21217189,5.648,82.56752463,45.83463085,36.73289379,597.13653476,591.13594905,237498.72752413,623.16715973,617.13811369,2.328941088,6.851994,662.036636228,-4.177149672212878,-4.213346099226886,98.99510658606549,normal_or_insufficient_data
AZE,Azerbaijan,2025,75937647058.8235,1.44985591,7410.7228166,5.62208788,5.457,79.82958155,43.02221637,36.80736518,566.62794055,560.62097436,,597.13653476,591.13594905,3.4587044,7.424449682,635.288557884,-5.1091488184125184,-5.162090842054161,98.93987469375949,production_below_trend
BDI,Burundi,2021,3425127990.70519,3.23707479,264.17284409,8.40453845,1.118,,,,0.0,0.0,11377.00487667,0.0,0.0,3.435392584,5.655341986,0.0,,,,normal_or_insufficient_data
BDI,Burundi,2022,4020736756.64256,2.31770122,301.83225576,18.80087867,0.909,,,,0.0,0.0,13335.53670757,0.0,0.0,3.132561314,6.20501066,0.0,,,,normal_or_insufficient_data
BDI,Burundi,2023,3419558408.35408,3.25476897,249.79516404,26.94148358,0.911,,,,0.0,0.0,11895.97630002,0.0,0.0,2.715066162,12.156246992,0.0,,,,normal_or_insufficient_data
BDI,Burundi,2024,3037579858.38142,4.11227376,216.23192853,20.2124925,0.915,,,,0.0,0.0,12354.52369348,0.0,0.0,2.64565251,16.336099926,0.0,,,,normal_or_insufficient_data
BDI,Burundi,2025,3364713864.08488,4.2401053,233.82301339,34.13399857,0.922,,,,0.0,0.0,,0.0,0.0,3.432384808,21.698678354,0.0,,,,normal_or_insufficient_data
BEL,Belgium,2021,598522422241.851,6.25445686,51658.23829496,2.44024851,6.248,177.3819122,89.62537487,87.75653733,24.79236143,0.0,1357060.48478904,23.6427,0.0,1.451359816,1.75939915,22.255212286,4.862648639960749,,0.0,normal_or_insufficient_data
BEL,Belgium,2022,591474463578.602,4.02460853,50639.02648827,9.59751173,5.57,191.05341813,94.35931464,96.69410349,24.60582958,0.0,1315135.05513248,24.79236143,0.0,1.961387998,3.253707324,23.255878202,-0.7523762935074313,,0.0,normal_or_insufficient_data
BEL,Belgium,2023,650779364363.737,1.5612554,55244.68145811,4.04901078,5.547,165.98744074,82.8132983,83.17414244,24.93928079,0.0,1276258.29624875,24.60582958,0.0,1.898045384,3.65287648,24.46659436,1.3551715820670167,,0.0,normal_or_insufficient_data
BEL,Belgium,2024,670983130618.828,1.09775384,56581.93756425,3.14349137,5.7,159.02348115,79.31878648,79.70469467,24.60479879,0.0,1301083.23520096,24.93928079,0.0,1.629018144,3.99421084,24.516994118,-1.3411854287879807,,0.0,normal_or_insufficient_data
BEL,Belgium,2025,725466462859.646,0.98311797,60750.27358646,2.46705544,5.906,152.91778872,75.45007105,77.46771767,24.6976029,0.0,1288830.16699822,24.60479879,0.0,2.78423852,4.339463566,24.727974698,0.3771789023437082,,0.0,normal_or_insufficient_data
BEN,Benin,2021,17687623530.3355,7.15545165,1318.65158075,1.73353963,1.833,48.05486083,20.91880618,27.13605466,0.0,0.0,74951.95906201,0.0,0.0,6.04774925,1.290309156,0.0,,,,normal_or_insufficient_data
BEN,Benin,2022,17425405090.862,6.25294705,1266.42711032,1.35077864,1.685,44.38159289,20.81533005,23.56626284,0.0,0.0,80882.26975121,0.0,0.0,6.16402627,1.551811912,0.0,,,,normal_or_insufficient_data
BEN,Benin,2023,19673291004.1444,6.35277739,1394.17784722,2.73870078,1.641,44.66313082,20.00351909,24.65961173,0.0,0.0,95528.08032215,0.0,0.0,6.095131024,1.915717924,0.0,,,,normal_or_insufficient_data
BEN,Benin,2024,21482643706.4249,7.45311566,1485.38018885,1.1609309,1.637,40.63980224,18.84015692,21.79964532,0.0,0.0,97954.69506745,0.0,0.0,6.21261683,2.00133423,0.0,,,,normal_or_insufficient_data
BEN,Benin,2025,24566420903.5337,8.07408454,1658.27312663,1.10155248,1.589,37.11693562,17.05244161,20.06449402,0.0,0.0,,0.0,0.0,7.057675258,1.617100486,0.0,,,,normal_or_insufficient_data
BFA,Burkina Faso,2021,19697516284.3787,6.94252493,895.53528844,3.65326762,4.511,62.42035866,32.79707352,29.62328514,0.0,0.0,75530.6255455,0.0,0.0,5.5301122,1.14870419,0.0,,,,normal_or_insufficient_data
BFA,Burkina Faso,2022,18622421394.6133,1.62673258,827.33084349,14.29023543,3.828,67.52029013,31.21807342,36.30221671,0.0,0.0,75185.70668616,0.0,0.0,4.614760834,3.710151482,0.0,,,,normal_or_insufficient_data
BFA,Burkina Faso,2023,20106062971.6533,3.00027416,873.19806167,0.74291043,3.601,63.15304359,28.94942548,34.20361811,0.0,0.0,81229.78404795,0.0,0.0,3.893901852,3.467544962,0.0,,,,normal_or_insufficient_data
BFA,Burkina Faso,2024,23136514855.7646,4.8339581,982.49310042,4.19081721,3.441,60.49289885,28.5644668,31.92843206,0.0,0.0,83153.82346538,0.0,0.0,3.682852478,4.952386272,0.0,,,,normal_or_insufficient_data
BFA,Burkina Faso,2025,27627297461.3181,5.29461839,1147.57131636,-0.58623532,3.477,65.0029507,34.98990012,30.01305057,0.0,0.0,,0.0,0.0,4.339621632,4.458199074,0.0,,,,normal_or_insufficient_data
BGD,Bangladesh,2021,416271647911.014,6.93867912,2482.84917843,5.54565431,5.457,27.7240047,10.6627789,17.0612258,12.2260217,3.0,578930.4373597,13.7978,3.0,6.43565489,5.614883402,14.23934434,-11.391513864529127,0.0,24.53782656054013,production_below_trend
BGD,Bangladesh,2022,460131689083.083,7.09982878,2716.4859278,7.69695437,4.593,33.77996727,12.88222643,20.89774084,9.93813393,3.0,683332.43419986,12.2260217,3.0,6.537570646,6.013860244,13.177051126,-18.71326443008031,0.0,30.186753581011562,production_below_trend
BGD,Bangladesh,2023,437415333018.291,5.77511237,2551.01773827,9.88350304,3.352,30.98297141,13.15716383,17.82580758,9.81151315,3.0,635099.85956047,9.93813393,3.0,6.228710594,6.881836574,12.102213756,-1.2740900946984923,0.0,30.576323489919595,production_below_trend
BGD,Bangladesh,2024,450119432068.852,4.22325911,2593.41611681,10.46574828,3.635,26.7780758,10.46118783,16.31688797,9.64840543,3.0,638696.87097431,9.81151315,3.0,5.496979386,7.85658695,11.084374842,-1.6624114701410762,0.0,31.09322075824088,production_below_trend
BGD,Bangladesh,2025,456319229255.578,3.48990672,2597.34352335,8.76876281,3.778,27.95058404,11.11610857,16.83447547,9.48974521,3.0,,9.64840543,3.0,5.50535722,8.472124562,10.222763884,-1.6444190820036881,0.0,31.61307214906774,normal_or_insufficient_data
BGR,Bulgaria,2021,84378926047.3002,7.82817311,12966.80851974,3.29774435,5.166,121.21409101,61.84960789,59.36448312,6.14278638,1.0,209800.98980937,5.9982,1.0,2.71286705,2.59001114,6.067777276,2.4104961488446532,0.0,16.279257296914174,normal_or_insufficient_data
BGR,Bulgaria,2022,90510784777.6397,4.08386398,13999.91133585,15.32525893,4.148,138.84487277,69.9794718,68.86540097,6.11930632,1.0,215870.63117447,6.14278638,1.0,2.98045437,5.242743688,6.08249854,-0.3822379380869826,0.0,16.341721556439424,normal_or_insufficient_data
BGR,Bulgaria,2023,102204457334.822,1.68151076,15854.01928938,9.4428414,4.319,119.89950585,62.00497464,57.89453122,6.16013996,1.0,230345.86031515,6.11930632,1.0,2.850726414,6.56840302,6.101586532,0.6672919750158871,0.0,16.233397398327945,normal_or_insufficient_data
BGR,Bulgaria,2024,113349149166.793,3.38708962,17596.91676212,2.44651943,4.2,110.22631773,56.36996369,53.85635404,6.1372922,1.0,231731.31745858,6.16013996,1.0,2.769480408,6.436961016,6.111544972,-0.3708967677416212,0.0,16.293830689697323,normal_or_insufficient_data
BGR,Bulgaria,2025,130777235529.606,3.09636639,20328.16670655,4.58084355,3.536,102.51426351,50.73848068,51.77578283,6.09835625,1.0,,6.1372922,1.0,4.015400772,7.018641532,6.131576222,-0.6344157770425205,0.0,16.397861308938783,normal_or_insufficient_data
BHR,Bahrain,2021,40840212765.9574,4.35004092,27147.80838823,-0.60631939,1.548,153.79931649,86.27421867,67.52509781,188.67548681,175.01369863,143799.17399566,184.56135301,170.8579235,1.49959594,0.311236412,201.783823032,2.229141547188964,2.4322987455714924,92.75910802670529,normal_or_insufficient_data
BHR,Bahrain,2022,46458191489.3617,6.18016125,30470.5219276,3.62574104,1.265,167.14124115,95.9613654,71.17987575,201.71099556,188.40273973,146314.46724043,188.67548681,175.01369863,1.744861122,0.759040958,199.481029816,6.908957263286152,7.650281780688518,93.40231513257224,normal_or_insufficient_data
BHR,Bahrain,2023,46192260638.2979,3.87811615,29290.12842151,0.07462068,1.049,157.44785468,87.35114395,70.09671073,193.02793421,179.91780822,145270.24048108,201.71099556,188.40273973,2.109966622,0.356431218,195.844177754,-4.304704027608241,-4.503613653474337,93.20817163398891,normal_or_insufficient_data
BHR,Bahrain,2024,47210732712.766,2.89710543,29717.14246053,0.91963546,1.084,157.48086943,87.48743151,69.99343792,186.98235221,173.94535519,146819.83582867,193.02793421,179.91780822,2.27881216,0.3391943,190.99162436,-3.131972594921343,-3.3195452351759425,93.02768583991384,normal_or_insufficient_data
BHR,Bahrain,2025,48965725531.9149,3.48137574,30596.57948989,-0.13770886,1.102,,,,188.62896075,175.78082192,,186.98235221,173.94535519,4.157359898,0.775193786,191.805145908,0.880622433367772,1.0551973221677147,93.18867114629957,normal_or_insufficient_data
BHS,"Bahamas, The",2021,12037000000.0,17.586139,30367.86057577,2.90491263,11.078,65.93254133,27.9712553,37.96128603,0.0,0.0,47486.92446611,0.0,0.0,0.48550812,1.843747896,0.0,,,,normal_or_insufficient_data
BHS,"Bahamas, The",2022,13896800000.0,10.87790094,34957.16132797,5.60540634,9.25,75.98296011,37.15891428,38.82404582,0.0,0.0,44120.6210605,0.0,0.0,1.986808538,2.661187762,0.0,,,,normal_or_insufficient_data
BHS,"Bahamas, The",2023,15271300000.0,3.04824181,38231.77448428,3.05291579,8.645,76.54947516,37.81145024,38.73802492,0.0,0.0,49413.20323958,0.0,0.0,2.116865878,2.818598226,0.0,,,,normal_or_insufficient_data
BHS,"Bahamas, The",2024,15832800000.0,3.37866553,39455.44665485,0.40916249,9.049,79.24245869,37.7835885,41.45887019,0.0,0.0,49521.01042919,0.0,0.0,2.960316158,2.40218367,0.0,,,,normal_or_insufficient_data
BHS,"Bahamas, The",2025,,,,,9.207,,,,0.0,0.0,,0.0,0.0,8.72273682,2.9930993125,0.0,,,,normal_or_insufficient_data
BIH,Bosnia and Herzegovina,2021,23672712121.2671,7.39164256,7295.34378682,1.98163901,14.897,96.73911444,42.82259297,53.91652147,0.20605362,0.0,75727.29850699,0.1884,0.0,2.867100914,0.744054544,0.196910724,9.370286624203821,,0.0,normal_or_insufficient_data
BIH,Bosnia and Herzegovina,2022,24534663636.1778,4.22681333,7655.59421024,14.02084408,12.657,110.20528372,48.30712646,61.89815726,0.20318514,0.0,74136.21097789,0.20605362,0.0,3.06364379,3.386215474,0.198707752,-1.392103666996969,,0.0,normal_or_insufficient_data
BIH,Bosnia and Herzegovina,2023,27592361498.4057,1.99439415,8663.02326459,6.10590113,10.668,99.6330318,43.93173982,55.70129198,0.20817029,0.0,76794.02327734,0.20318514,0.0,2.696721822,4.323974072,0.20102181,2.453501274748734,,0.0,normal_or_insufficient_data
BIH,Bosnia and Herzegovina,2024,29737363103.0492,3.2267998,9397.90942856,,10.69,94.76017785,40.7026955,54.05748235,0.20417578,0.0,81216.75410817,0.20817029,0.0,2.764911298,5.2642720525,0.201996966,-1.9188665202897108,,0.0,normal_or_insufficient_data
BIH,Bosnia and Herzegovina,2025,32599982936.3931,2.12861913,10381.84607039,,11.037,95.12157172,41.00152263,54.12004909,0.18517466,0.0,,0.20417578,0.0,3.793653794,7.369461406666667,0.201351898,-9.30625561954508,,0.0,normal_or_insufficient_data
BLR,Belarus,2021,69673747131.87,2.4388621,7489.71894714,9.4602839,3.9,136.01416788,70.83175504,65.18241284,34.1826539,33.97264658,273268.52875835,34.58876066,34.37286066,1.778791146,6.302144576,33.815356612,-1.1741003500875362,-1.1643316043978051,99.3856319037885,normal_or_insufficient_data
BLR,Belarus,2022,73775179924.603,-4.65839591,7994.64806075,15.20967527,3.574,120.02420758,63.05118689,56.97302068,31.96692342,31.75597534,258936.58675301,34.1826539,33.97264658,0.340675266,8.13771218,33.773736364,-6.482031753538013,-6.524870633143354,99.34010515422945,normal_or_insufficient_data
BLR,Belarus,2023,72478760370.4258,4.12654007,7896.75388296,5.00059903,3.461,131.58467488,66.02672857,65.55794631,29.81420293,29.60497808,255999.50116937,31.96692342,31.75597534,0.536143764,8.163371544,32.961754484,-6.734212303499803,-6.773519745402346,99.29823765374096,normal_or_insufficient_data
BLR,Belarus,2024,78591839299.7087,4.34999638,8605.6095457,5.7853191,3.458,128.24283231,63.15610201,65.08673031,27.84648673,27.60196175,255999.50116937,29.81420293,29.60497808,1.116851944,8.200804174,31.679805528,-6.599928915154801,-6.765809197991475,99.12188211615018,production_below_trend
BLR,Belarus,2025,93397215864.198,1.3,10279.25471907,6.59877946,3.38,112.10762582,55.08057843,57.02704739,26.00949041,25.73049041,,27.84648673,27.60196175,1.511400528,8.410931352,29.963951478,-6.596869248934514,-6.780211337695952,98.92731462400074,production_below_trend
BLZ,Belize,2021,2428606250.0,17.98992441,6142.98930557,3.23563659,10.302,98.98243694,47.58148218,51.40095477,0.0,0.0,9722.90941205,1.7,1.7,1.54248862,0.992355326,0.897194082,-100.0,-100.0,,production_below_trend
BLZ,Belize,2022,2846604350.0,9.2505133,7068.21728043,6.27689319,8.682,107.84025009,52.57878742,55.26146266,0.0,0.0,10057.90019582,0.0,0.0,3.759238738,2.018203286,0.6992616,,,,production_below_trend
BLZ,Belize,2023,3052362650.0,0.50012794,7424.75821321,4.38984017,8.278,106.40050585,54.93084185,51.469664,0.7871234,0.7871234,11429.27234361,0.0,0.0,3.694850608,2.842174796,0.6914948,,,100.0,normal_or_insufficient_data
BLZ,Belize,2024,3203631800.0,3.50466435,7681.24400583,3.28955986,8.698,108.97244652,55.22339365,53.74905287,0.7871234,0.7871234,11426.94837209,0.7871234,0.7871234,3.544466058,3.46267289,0.65484936,0.0,0.0,100.0,normal_or_insufficient_data
BLZ,Belize,2025,3326500000.0,2.74831732,7865.47937691,1.06281548,8.856,,,,0.7871234,0.7871234,,0.7871234,0.7871234,6.798709464,3.650949058,0.47227404,0.0,0.0,100.0,normal_or_insufficient_data
BMU,Bermuda,2021,7290037000.0,4.764979,112765.08167306,,,72.92709214,47.90012726,25.02696488,0.0,0.0,8268.13509911,0.0,0.0,0.255815658,,0.0,,,,normal_or_insufficient_data
BMU,Bermuda,2022,7767884000.0,6.25695521,119969.17326909,,,77.9770527,50.98844164,26.98861106,0.0,0.0,8439.011945,0.0,0.0,0.784922732,,0.0,,,,normal_or_insufficient_data
BMU,Bermuda,2023,8602360000.0,4.3344728,132961.76079632,,,77.64652956,52.76056803,24.88596153,0.0,0.0,8511.40987761,0.0,0.0,1.738377552,,0.0,,,,normal_or_insufficient_data
BMU,Bermuda,2024,9194499000.0,1.88822862,142250.43319512,,,80.20608844,55.146561,25.05952744,0.0,0.0,8618.1597356,0.0,0.0,2.054601984,,0.0,,,,normal_or_insufficient_data
BMU,Bermuda,2025,,,,,,,,,0.0,0.0,,0.0,0.0,4.3111589075,,0.0,,,,normal_or_insufficient_data
BOL,Bolivia,2021,47877892402.3155,10.02904888,4010.76053686,0.73738372,5.089,47.66708432,23.55251563,24.11456869,65.40553047,31.33753047,191376.4650506,48.59407146,32.15998403,1.175918256,1.72249777,60.237993858,34.5956996499836,-2.5573817425804237,47.91266158199542,normal_or_insufficient_data
BOL,Bolivia,2022,50959081953.6903,3.74741781,4219.46113742,1.74632873,3.552,57.52493358,27.7939915,29.73094207,61.98388888,27.91588888,207771.73758467,65.40553047,31.33753047,1.086360552,1.507211904,56.999815388,-5.231425485600836,-10.918670165396732,45.03733048122359,normal_or_insufficient_data
BOL,Bolivia,2023,52340206946.4544,2.5163659,4274.70820548,2.576888,3.024,49.60832556,22.40280954,27.20551602,57.62912437,23.56112437,214295.21122478,61.98388888,27.91588888,1.016016922,1.56817753,57.147219616,-7.025639385793891,-15.59959107417109,40.8840575448084,normal_or_insufficient_data
BOL,Bolivia,2024,54881327452.9667,-1.12335596,4421.1660989,5.09976568,3.274,46.97787161,21.43506243,25.54280919,54.92711707,20.70736372,214190.96790834,57.62912437,23.56112437,0.490001524,2.220221656,57.70794645,-4.688614185168124,-12.11215816862139,37.69970976923876,normal_or_insufficient_data
BOL,Bolivia,2025,64768947525.3256,-1.58237567,5147.81081955,19.5171208,2.967,,,,51.86589002,17.66080548,,54.92711707,20.70736372,2.717420192,5.935497386,58.362310162,-5.573252727061432,-14.71243892363523,34.050906044781684,production_below_trend
BRA,Brazil,2021,1670647398904.9,4.76260438,7972.53664986,8.30165976,13.158,37.65633076,19.10943037,18.54690039,3689.54981061,2905.12056942,6033237.0638227,3767.53901111,2939.9500363,1.162631842,4.471525528,3577.111054206,-2.070030337310898,-1.1846958774793923,78.73916110485283,normal_or_insufficient_data
BRA,Brazil,2022,1951923942083.32,3.01669435,9281.33334441,9.28010609,9.231,38.81606598,19.630765,19.18530097,3810.26618869,3021.50534995,6310135.74435428,3689.54981061,2905.12056942,1.501396902,5.638272076,3667.921161242,3.2718457339390614,4.006194502049047,79.29906206864823,normal_or_insufficient_data
BRA,Brazil,2023,2191131765684.63,3.24165533,10377.58927926,4.59356282,7.947,33.66622983,17.9693243,15.69690553,4281.78579304,3401.59089558,6458893.66081119,3810.26618869,3021.50534995,1.792994616,5.824014584,3841.720188574,12.374978046143076,12.579343790878598,79.44327577314242,normal_or_insufficient_data
BRA,Brazil,2024,2185821610689.31,3.41931517,10310.54869737,4.36746408,6.801,35.58452394,17.93857944,17.6459445,4277.0662452,3356.4670929,6656452.09902351,4281.78579304,3401.59089558,2.232702086,5.950912158,3965.24140973,-0.11022381940898533,-1.3265499604503737,78.47592018633904,normal_or_insufficient_data
BRA,Brazil,2025,2279920092492.13,2.28574649,10713.28568695,5.0167528,5.97,35.29148226,17.8207229,17.47075937,4655.06627747,3769.40701016,,4277.0662452,3356.4670929,3.345203144,6.31190911,4142.746863002,8.837834407971025,12.30281441261557,80.97429307083141,normal_or_insufficient_data
BRB,Barbados,2021,5948900600.0,8.01987701,21084.4013936,,11.015,,,,0.53352055,0.53252055,18745.54660305,1.001,1.0,-1.74847688,3.14760503,0.835475616,-46.701243756243755,-46.747945,99.81256579526318,production_below_trend
BRB,Barbados,2022,6886644900.0,15.94532062,24393.21934839,,7.261,,,,0.50744384,0.50644384,20248.79018186,0.53352055,0.53252055,1.309656124,2.391315225,0.808792878,-4.887667401002642,-4.8968457649193065,99.8029338576659,production_below_trend
BRB,Barbados,2023,7223248150.0,1.81419818,25583.87223025,3.18718905,6.54,,,,1.50784932,1.0,23042.3987201,0.50744384,0.50644384,1.722912826,2.43190689,0.910162742,197.14604871348917,97.45525979741406,66.31962403245969,normal_or_insufficient_data
BRB,Barbados,2024,7597571450.0,3.36694926,26897.20020392,1.44643664,6.448,,,,1.001,1.0,23172.36155509,1.50784932,1.0,2.34808272,2.316812845,0.910162742,-33.614056343507855,0.0,99.9000999000999,sharp_production_decline
BRB,Barbados,2025,8016550000.0,2.70000022,28364.81814997,0.84657656,6.524,,,,1.001,1.0,,1.001,1.0,6.369269058,1.8267340833333332,0.910162742,0.0,0.0,99.9000999000999,normal_or_insufficient_data
BRN,Brunei Darussalam,2021,14006496617.4458,-1.5907626,31006.96362898,1.73341388,4.905,147.12311238,80.16891081,66.95420157,106.48667333,98.15917808,28691.64253016,109.99409126,100.16666667,0.958550552,0.609551584,112.587002232,-3.1887330399496587,-2.0041483426953692,92.17977706544248,normal_or_insufficient_data
BRN,Brunei Darussalam,2022,16681536466.7183,-1.62833155,36632.92809522,3.68225031,5.191,146.97396588,86.38935688,60.584609,93.80493257,85.73808219,30688.7050008,106.48667333,98.15917808,0.36713892,1.598102776,108.67993861,-11.90922804086437,-12.65403412391735,91.40039850891607,production_below_trend
BRN,Brunei Darussalam,2023,15095084656.1634,1.12764418,32890.5491812,0.35706431,5.296,136.86343465,76.70320248,60.16023217,94.60030992,86.63345753,33656.64041757,93.80493257,85.73808219,0.582193548,1.46450528,105.282489636,0.8479056785275828,1.0443146349084438,91.57840772748284,production_below_trend
BRN,Brunei Darussalam,2024,15340808592.48,4.05251709,33153.47389135,-0.38867417,5.18,132.58743952,74.2707418,58.31669772,102.67725682,94.32367486,34634.3049963,94.60030992,86.63345753,0.618928094,1.46487486,101.51265278,8.53797086587811,8.87672909434208,91.86423340599723,normal_or_insufficient_data
BRN,Brunei Darussalam,2025,15031980994.1121,0.66956215,32234.64283686,-0.30299441,5.277,123.60912493,71.57129457,52.03783036,109.72483284,100.87573254,,102.67725682,94.32367486,0.526125854,1.016211984,101.458801096,6.863814089185169,6.946355397756605,91.93518908075832,normal_or_insufficient_data
BTN,Bhutan,2021,2768802960.11204,4.42136739,3570.61257981,7.34681441,4.803,77.58244827,29.19874069,48.38370758,0.0,0.0,6781.42424551,0.0,0.0,1.109367114,4.676331508,0.0,,,,normal_or_insufficient_data
BTN,Bhutan,2022,2898227743.75576,5.21386784,3711.32767982,5.63916671,5.947,85.57121652,25.49883996,60.07237656,0.0,0.0,7430.83222391,0.0,0.0,1.734771636,4.813148116,0.0,,,,normal_or_insufficient_data
BTN,Bhutan,2023,3012896789.79753,4.63215703,3831.32535564,4.2293442,3.126,81.73662785,28.3881079,53.34851996,0.0,0.0,11244.14169315,0.0,0.0,1.96082867,5.114224184,0.0,,,,normal_or_insufficient_data
BTN,Bhutan,2024,3346603858.7495,7.49856207,4228.05102404,2.7613157,3.282,79.3625418,31.49486024,47.86768155,0.0,0.0,11850.12357266,0.0,0.0,2.309511382,5.12120125,0.0,,,,normal_or_insufficient_data
BTN,Bhutan,2025,3579320145.13077,8.00502716,4492.78400307,3.55513663,3.227,,,,0.0,0.0,,0.0,0.0,5.954196298,4.70635553,0.0,,,,normal_or_insufficient_data
BWA,Botswana,2021,18750182236.2211,11.91627244,7807.8879457,7.24097766,23.106,91.04784974,41.77399498,49.27385476,0.0,0.0,42887.90435286,0.0,0.0,2.904446864,3.690099524,0.0,,,,normal_or_insufficient_data
BWA,Botswana,2022,20321150599.1523,5.48601706,8328.70905727,11.66556748,23.615,86.06960399,43.47906571,42.59053827,0.0,0.0,44878.20391548,0.0,0.0,3.178774564,5.361556866,0.0,,,,normal_or_insufficient_data
BWA,Botswana,2023,19413614554.6944,3.20806812,7827.30027961,5.06761549,23.381,70.11283273,32.89689288,37.21593985,0.0,0.0,46642.61602005,0.0,0.0,2.982649714,5.727476846,0.0,,,,normal_or_insufficient_data
BWA,Botswana,2024,19286251067.5078,-2.77988982,7649.81663744,2.81835132,23.81,69.44535087,27.07670416,42.36864672,0.0,0.0,47821.35459319,0.0,0.0,1.820317072,5.736574224,0.0,,,,normal_or_insufficient_data
BWA,Botswana,2025,19928479839.4476,-0.73389832,7778.11510906,2.65975062,24.477,69.54466779,32.03374802,37.51091977,0.0,0.0,,0.0,0.0,3.419313896,5.890452514,0.0,,,,normal_or_insufficient_data
CAF,Central African Republic,2021,2516498412.46384,0.98292,492.26314283,4.25936418,6.701,44.15912,13.22746,30.93166,0.0,0.0,5781.35790393,0.0,0.0,2.65992836,2.889554904,0.0,,,,normal_or_insufficient_data
CAF,Central African Republic,2022,2382618615.01694,0.45390188,467.35982503,5.58316735,6.287,45.23357,12.3005,32.93307,0.0,0.0,5935.13229445,0.0,0.0,1.845253094,3.17004371,0.0,,,,normal_or_insufficient_data
CAF,Central African Republic,2023,2555492085.94725,0.6999684,495.97889729,2.97913853,6.181,43.48057021,14.44082621,29.039744,0.0,0.0,5968.38765492,0.0,0.0,1.227358056,3.443440042,0.0,,,,normal_or_insufficient_data
CAF,Central African Republic,2024,2751494281.06887,1.5,516.161,1.47733601,6.253,46.43189998,15.00702789,31.42487209,0.0,0.0,6336.69726077,0.0,0.0,0.907358056,3.201832534,0.0,,,,normal_or_insufficient_data
CAF,Central African Republic,2025,3066109226.40165,4.4995,556.13139803,1.00198013,6.251,52.90674591,19.34480504,33.56194087,0.0,0.0,,0.0,0.0,1.627258056,3.06019724,0.0,,,,normal_or_insufficient_data
CAN,Canada,2021,2022377950896.78,5.95052805,52886.64078138,3.39519319,7.527,62.24686126,31.17509059,31.07177067,5537.45100311,4439.36986301,4850169.06282184,5234.65010164,4180.43715847,1.719504978,1.985314328,5308.87752314,5.784549026020543,6.193914529139026,80.1699168176245,normal_or_insufficient_data
CAN,Canada,2022,2200562785046.32,4.69541985,56496.92753407,6.80280115,5.279,66.95316207,33.72120833,33.23195374,5693.53353512,4543.29212055,5066545.90710432,5537.45100311,4439.36986301,2.051821964,3.026497732,5458.273198932,2.818671116409686,2.3409236163426628,79.79740687439796,normal_or_insufficient_data
CAN,Canada,2023,2196593836347.42,1.95308552,54847.53701127,3.8790016,5.415,66.5745425,33.34165205,33.23289045,5759.5178326,4594.11826027,5222834.97936854,5693.53353512,4543.29212055,1.893846386,3.348652918,5540.547653398,1.1589340270498518,1.118707280346462,79.7656747282974,normal_or_insufficient_data
CAN,Canada,2024,2270076189683.46,2.04626605,55015.70669177,2.38158383,6.351,65.12149873,32.46911503,32.6523837,5996.88784576,4776.39303552,5337973.05835209,5759.5178326,4594.11826027,1.921413208,3.43511588,5644.408063646,4.121352169732668,3.9675682018531138,79.64786333126222,normal_or_insufficient_data
CAN,Canada,2025,2319899772425.92,1.74268536,55697.66396608,2.07232411,6.907,63.51050497,31.33238681,32.17811815,6256.63915264,4963.93490685,5384033.30381308,5996.88784576,4776.39303552,3.277596966,3.706180776,5848.805873846,4.331435130367709,3.9264329785118397,79.33867985267233,normal_or_insufficient_data
CEB,Central Europe and the Baltics,2021,1926387937049.61,6.5727168,19224.32877442,3.83984492,4.44508031,125.54979002,63.11638261,62.05534443,,,,,,3.472887658,2.5574474,,,,,normal_or_insufficient_data
CEB,Central Europe and the Baltics,2022,1954028005289.23,4.03989151,19526.24634438,14.60814395,3.96540583,139.86522297,68.63700481,70.10231747,,,,,,3.259439816,5.063889082,,,,,normal_or_insufficient_data
CEB,Central Europe and the Baltics,2023,2273564082260.43,0.7203283,22693.95044706,9.4428414,4.01230417,123.59332394,62.72209041,59.7960019,,,,,,2.412831034,6.445566514,,,,,normal_or_insufficient_data
CEB,Central Europe and the Baltics,2024,2463134865871.42,2.09534007,24616.09578728,2.75760909,4.00056351,116.41146387,58.3944687,56.27575304,,,,,,2.02543382,6.464176066,,,,,normal_or_insufficient_data
CEB,Central Europe and the Baltics,2025,2762562481345.2,2.36701157,27676.93896537,3.81419532,4.14260589,113.27126067,56.3896098,54.92540414,,,,,,3.15905765,6.892526936,,,,,normal_or_insufficient_data
CHE,Switzerland,2021,840710023481.35,6.17622836,96582.86870807,0.58181417,5.013,128.00411965,69.94213285,58.06198681,1.22410986,0.0,405695.7305513,1.1408,0.0,1.956814194,0.337789744,1.233401972,7.302757713884993,,0.0,normal_or_insufficient_data
CHE,Switzerland,2022,858479038993.75,3.53430287,97809.0955672,2.83502799,4.122,136.23587105,74.96489448,61.27097657,1.21062919,0.0,409585.48713704,1.22410986,0.0,2.379605544,0.798037774,1.22042781,-1.101263084344407,,0.0,normal_or_insufficient_data
CHE,Switzerland,2023,928435275851.707,0.82556093,104449.75451772,2.13540088,4.043,129.73719455,70.31873817,59.41845638,1.23440176,0.0,418468.47155559,1.21062919,0.0,1.879231218,1.037850858,1.200428162,1.9636541226963147,,0.0,normal_or_insufficient_data
CHE,Switzerland,2024,969919786394.884,1.39033364,107702.06594031,1.06234042,4.343,130.35451604,71.20228954,59.1522265,1.21938242,0.0,419577.59699122,1.23440176,0.0,1.934233572,1.177741706,1.205864646,-1.2167302807474933,,0.0,normal_or_insufficient_data
CHE,Switzerland,2025,1043529899250.92,1.30007791,114769.01231429,0.15437698,4.873,147.16205132,78.05274347,69.10930785,1.18654676,0.0,420273.79161495,1.21938242,0.0,2.645300742,1.353792088,1.215013998,-2.692810677063886,,0.0,normal_or_insufficient_data
CHI,Channel Islands,2021,11157540109.8939,9.93680137,66915.39639257,,6.643,,,,,,,,,1.108420588,,,,,,normal_or_insufficient_data
CHI,Channel Islands,2022,11308272505.183,5.3419614,67627.14173479,,5.923,,,,,,,,,1.815516606,,,,,,normal_or_insufficient_data
CHI,Channel Islands,2023,12507320838.3932,3.7150059,74585.52240963,,5.928,,,,,,,,,2.334069072,,,,,,normal_or_insufficient_data
CHI,Channel Islands,2024,,,,,6.031,,,,,,,,,2.52424735,,,,,,normal_or_insufficient_data
CHI,Channel Islands,2025,,,,,6.169,,,,,,,,,6.331256223333333,,,,,,normal_or_insufficient_data
CHL,Chile,2021,315507493783.262,11.33740324,16216.18408603,4.52456838,9.281,64.83999248,31.97434562,32.86564686,15.96594636,1.8156137,759823.11920847,15.91923607,1.58689891,2.23793091,2.949042454,15.569021966,0.29342042416235115,14.412688077276453,11.371788800122212,normal_or_insufficient_data
CHL,Chile,2022,301099244104.003,2.06391864,15399.10447176,11.64386671,8.249,75.23341975,35.62168616,39.61173359,16.764406,2.11231507,811576.70997926,15.96594636,1.8156137,2.379175564,4.841272102,16.550996316,5.001016676345642,16.34165736907581,12.599999487008368,normal_or_insufficient_data
CHL,Chile,2023,335802745366.38,0.67702483,17081.518074,7.58168251,9.013,60.67664447,30.77506174,29.90158273,18.0743482,2.10493991,807770.39005764,16.764406,2.11231507,1.716574634,5.870630642,17.128635546,7.813830087388721,-0.3491505649296911,11.646007295577053,normal_or_insufficient_data
CHL,Chile,2024,329260633698.726,2.80512637,16658.96527204,4.29763892,8.718,63.95774653,33.73207044,30.22567609,20.16308705,2.10681594,823521.8571059,18.0743482,2.10493991,2.148755228,6.218649474,17.377404736,11.556371642768285,0.0891251095144089,10.448875882822716,normal_or_insufficient_data
CHL,Chile,2025,357371159574.862,2.45925475,17994.59119575,4.21293602,8.974,64.98437704,34.56356093,30.42081611,21.10860786,1.96832197,809175.95521231,20.16308705,2.10681594,3.868545566,6.452138508,18.415279094,4.689365312242701,-6.573615063876914,9.324736065280243,normal_or_insufficient_data
CHN,China,2021,18201698719564.0,8.57038415,12887.43572429,0.98101514,4.55,36.64287896,19.43505565,17.20782331,4964.47535437,3959.08232733,31906165.8012711,4828.24599369,3854.64914942,6.125262274,1.993519518,4802.466412802,2.821508283920023,2.709278428769939,79.74825222659231,normal_or_insufficient_data
CHN,China,2022,18316765021690.2,3.13385438,12970.60564143,1.97357556,4.98,37.51255568,20.22775603,17.28479965,5117.64752705,4089.10790478,31609933.5092154,4964.47535437,3959.08232733,5.373785316,2.06960743,4888.351374162,3.085364751487175,3.2842352520031852,79.90210117376161,normal_or_insufficient_data
CHN,China,2023,18270356654533.2,5.41600334,12951.1782397,0.23483683,4.67,36.73914969,19.40230916,17.33684053,5261.3862726,4182.63787284,33253788.800081,5117.64752705,4089.10790478,5.105424756,1.701616716,4999.358199618,2.8086878744628256,2.2872951811975244,79.49687888574432,normal_or_insufficient_data
CHN,China,2024,18729668435848.0,4.95830379,13293.11622694,0.21812894,4.59,37.95606014,20.44282837,17.51323177,5334.33584348,4234.0273224,33996661.0440084,5261.3862726,4182.63787284,4.883609902,1.165395672,5101.218198238,1.3865085568779343,1.2286373126800647,79.37309248301503,normal_or_insufficient_data
CHN,China,2025,19498039388042.6,4.95994886,13861.97022437,0.05956469,4.615,37.95638787,21.07119836,16.88518951,5446.18870807,4324.68493151,,5334.33584348,4234.0273224,5.407698904,0.693424232,5224.806741114,2.096847065351433,2.141167314400134,79.40754834847736,normal_or_insufficient_data
CIV,Cote d'Ivoire,2021,72794636653.7793,7.06253713,2455.98127641,4.15919658,2.623,45.11403278,22.29626784,22.81776494,34.10932296,32.98167287,137666.63125569,37.79513737,36.76403737,5.347509178,1.68995143,37.889137066,-9.752086290670889,-10.288218516191765,96.6940120995002,normal_or_insufficient_data
CIV,Cote d'Ivoire,2022,70922824813.9102,6.39988363,2333.37128301,5.23352856,2.31,52.86639104,24.26736033,28.59903072,31.41025113,30.29823308,171930.85723766,34.10932296,32.98167287,5.145333418,2.599480928,36.353912092,-7.913003237165397,-8.136154283553173,96.45969704158809,production_below_trend
CIV,Cote d'Ivoire,2023,80780312569.1646,6.60000045,2591.96590481,4.36972255,2.263,48.81700391,22.43533905,26.38166486,30.54148339,29.40328775,185650.29711832,31.41025113,30.29823308,5.496704296,3.393165874,34.85223677,-2.7658732698581896,-2.953787198207137,96.27327977012186,production_below_trend
CIV,Cote d'Ivoire,2024,87113179149.284,6.01953462,2727.89352207,3.45053028,2.273,51.26498454,26.02801111,25.23697343,37.32730136,36.20715821,190101.82780876,30.54148339,29.40328775,5.356336884,3.925100828,34.236699242,22.218364063553757,23.139828844480157,96.99913171006692,normal_or_insufficient_data
CIV,Cote d'Ivoire,2025,99773555666.1988,6.5,3050.10202257,0.12503877,2.323,54.55790693,29.78539571,24.77251123,56.18787914,55.09230825,,37.32730136,36.20715821,6.516391166,3.467603348,37.915247596,50.52756854319779,52.15860888741094,98.05016507693726,normal_or_insufficient_data
CMR,Cameroon,2021,45011937346.8384,3.33885747,1672.32657341,2.27185763,3.976,36.73083472,16.50888404,20.22195068,68.66177507,68.27201488,79384.43860892,72.02330056,71.66690056,2.914108232,1.77430717,71.165886726,-4.667274984433177,-4.737034326129089,99.4323476350522,normal_or_insufficient_data
CMR,Cameroon,2022,44347206072.5513,3.73678401,1604.87726955,6.24767713,3.646,41.28660256,19.32181332,21.96478924,66.29503775,65.9106684,84049.84283642,68.66177507,68.27201488,2.953229724,2.895760766,69.159543866,-3.446950384820571,-3.458732665427378,99.42021399633339,normal_or_insufficient_data
CMR,Cameroon,2023,48814501547.4313,3.34756291,1720.47510155,7.38281384,3.607,37.89033212,16.85275622,21.0375759,63.99022768,63.59681004,80284.13748725,66.29503775,65.9106684,2.831639458,4.158551912,68.112290498,-3.476595154363571,-3.5105976258010454,99.38519106078606,normal_or_insufficient_data
CMR,Cameroon,2024,53296694320.2057,3.52472308,1830.00833685,4.5333135,3.603,34.40317859,15.67325366,18.72992493,61.8481447,61.49726776,82329.74444923,63.99022768,63.59681004,2.841572078,4.574654184,66.563697152,-3.3475157968058036,-3.3013326905539238,99.43267992645218,normal_or_insufficient_data
CMR,Cameroon,2025,58933453923.761,3.20000016,1972.38158008,3.40373458,3.602,33.38427066,13.08915062,20.29512004,59.55531606,59.24383562,,61.8481447,61.49726776,3.429585526,4.767879336,64.070100252,-3.707190654014881,-3.6642800925632537,99.47698969528398,normal_or_insufficient_data
COD,"Congo, Dem. Rep.",2021,59067289573.5102,6.42961006,595.7430744,,5.289,75.38705239,37.82951107,37.55754132,22.0,22.0,54061.5577645,23.0,23.0,3.614664304,,22.6,-4.3478260869565215,-4.3478260869565215,100.0,normal_or_insufficient_data
COD,"Congo, Dem. Rep.",2022,70422346142.2023,9.31116944,687.73858755,,4.54,85.82216919,40.82032461,45.00184458,21.0,21.0,55093.66615233,22.0,22.0,4.628656098,,23.0,-4.545454545454546,-4.545454545454546,100.0,normal_or_insufficient_data
COD,"Congo, Dem. Rep.",2023,69843655425.2929,8.53348983,660.21205239,,4.469,86.74005818,42.05398352,44.68607466,19.0,19.0,53009.83588837,21.0,21.0,5.121016322,,21.8,-9.523809523809524,-9.523809523809524,100.0,production_below_trend
COD,"Congo, Dem. Rep.",2024,75716176105.0704,6.10252944,692.88766509,,4.421,94.24848706,45.69695776,48.5515293,17.0,17.0,54265.62244729,19.0,19.0,6.230445352,,20.4,-10.526315789473685,-10.526315789473685,100.0,production_below_trend
COD,"Congo, Dem. Rep.",2025,91030531316.9936,5.75924472,806.77600071,,4.434,87.33428788,43.41748377,43.9168041,16.0,16.0,,17.0,17.0,7.227208698,,19.0,-5.882352941176471,-5.882352941176471,100.0,production_below_trend
COG,"Congo, Rep.",2021,14825690210.9157,1.01507037,2516.16255145,1.71564275,21.998,85.54620316,52.83657086,32.7096323,270.74874729,265.96547434,24415.87042904,288.96545325,283.16345325,-2.405463902,1.463986012,299.026964086,-6.304112050460136,-6.073516448754497,98.23331668276322,normal_or_insufficient_data
COG,"Congo, Rep.",2022,15817030154.6941,1.47535613,2620.83804267,3.04344335,20.131,98.16133669,63.81214686,34.34918984,279.34810531,274.56164384,24307.24187846,270.74874729,265.96547434,-0.991437932,1.982661918,304.368107134,3.176139541206887,3.232062176991811,98.28656025259654,normal_or_insufficient_data
COG,"Congo, Rep.",2023,15321055822.5167,1.90686426,2477.97845545,4.30174564,19.919,96.2103944,56.8959278,39.3144666,266.76773604,261.98630137,29504.32040176,279.34810531,274.56164384,-0.14920152,2.612455254,288.265171878,-4.503473992078533,-4.580152673229275,98.20764132088182,normal_or_insufficient_data
COG,"Congo, Rep.",2024,15719986076.6464,2.09998918,2482.24899485,3.09143631,19.895,93.18812208,52.77964305,40.40847903,254.91352885,247.12295082,30221.02005346,266.76773604,261.98630137,0.045901532,2.789527904,272.148714148,-4.443643510256631,-5.673331190323831,96.94383500744512,normal_or_insufficient_data
COG,"Congo, Rep.",2025,16306633778.765,3.08292728,2514.73393585,2.40069559,19.876,91.66901724,48.0226133,43.64640393,249.03330617,241.23561644,,254.91352885,247.12295082,1.916041444,2.910592728,264.162284732,-2.306751903881935,-2.3823503080004214,96.86881652501654,normal_or_insufficient_data
COL,Colombia,2021,318524633225.395,10.80119819,6222.62164398,3.49505757,13.898,40.05914639,16.19700595,23.86214044,767.53227113,736.35705029,799005.52035304,812.24742893,781.08302893,2.145164918,3.419918898,854.689527714,-5.505115338918922,-5.7261490755047895,95.93825275983481,production_below_trend
COL,Colombia,2022,345632492851.448,7.32827729,6680.44506854,10.17723135,10.541,48.28265511,20.38836799,27.89428712,784.99958855,754.27294507,817463.60154616,767.53227113,736.35705029,3.338948202,4.592502516,834.8265684,2.275776286811202,2.433044509174479,96.085775849035,normal_or_insufficient_data
COL,Colombia,2023,366901643683.302,0.84181956,7012.49169138,11.73590449,9.591,40.13331653,17.8077747,22.32554183,808.05993193,777.1513983,836627.65638635,784.99958855,754.27294507,2.994447258,6.291569548,817.849501932,2.9376249002366435,3.033179617476108,96.17497014656117,normal_or_insufficient_data
COL,Colombia,2024,420504033143.211,1.49330729,7951.08624019,6.60908594,9.619,36.31799388,16.08045451,20.23753937,803.08980151,772.69292325,783500.99325133,808.05993193,777.1513983,2.655737638,6.90878287,795.18580441,-0.6150695293267615,-0.5736945284731916,96.2150088068798,normal_or_insufficient_data
COL,Colombia,2025,457410034202.523,2.64201549,8561.62091854,5.14222912,8.29,35.36895647,14.98404753,20.38490894,776.91221362,746.47896986,,803.08980151,772.69292325,4.621323564,7.431901694,788.118761348,-3.2596090550247188,-3.392544774415986,96.08279504087119,normal_or_insufficient_data
COM,Comoros,2021,1299039312.22277,2.04245238,1587.72988658,-0.00441794,4.394,42.06772365,9.91703418,32.15068947,0.0,0.0,5792.36213647,0.0,0.0,2.21317796,1.25570961,0.0,,,,normal_or_insufficient_data
COM,Comoros,2022,1279542248.96288,2.45381175,1533.87755394,12.53203146,3.879,50.38877049,12.94702751,37.44174298,0.0,0.0,6210.92389432,0.0,0.0,1.940787736,3.809588346,0.0,,,,normal_or_insufficient_data
COM,Comoros,2023,1465977684.31307,3.18661318,1723.89474946,8.37373955,3.833,44.43986345,10.31083632,34.12902713,0.0,0.0,5389.2463963,0.0,0.0,1.849620142,5.054026088,0.0,,,,normal_or_insufficient_data
COM,Comoros,2024,1610082688.26617,3.30071499,1857.87060684,5.0519261,3.815,41.48063529,9.23135576,32.24927954,0.0,0.0,5682.0243954,0.0,0.0,2.157607092,5.34798422,0.0,,,,normal_or_insufficient_data
COM,Comoros,2025,1814920856.27026,3.75444285,2055.75921566,3.24909332,3.819,40.88522462,9.29780202,31.58742259,0.0,0.0,,0.0,0.0,2.94760703,5.840474498,0.0,,,,normal_or_insufficient_data
CPV,Cabo Verde,2021,2051842618.70539,7.03353011,3971.44409203,1.86215297,13.932,77.45505863,23.84979836,53.60526027,0.0,0.0,10455.31863438,0.0,0.0,0.286871988,1.123205288,0.0,,,,normal_or_insufficient_data
CPV,Cabo Verde,2022,2247003344.34242,15.84367568,4323.31362033,7.93092925,12.239,96.99413685,38.68425422,58.30988263,0.0,0.0,10488.23637699,0.0,0.0,2.545344162,2.552508088,0.0,,,,normal_or_insufficient_data
CPV,Cabo Verde,2023,2504525537.51069,4.79476139,4794.90119773,3.72437518,11.882,95.03249433,39.28050485,55.75198949,0.0,0.0,10297.80934615,0.0,0.0,2.762903524,3.04598399,0.0,,,,normal_or_insufficient_data
CPV,Cabo Verde,2024,2713721857.39153,6.98888281,5170.20531933,1.04817001,11.883,96.90225616,42.67927094,54.22298522,0.0,0.0,10623.87688953,0.0,0.0,2.771114818,3.034284644,0.0,,,,normal_or_insufficient_data
CPV,Cabo Verde,2025,3056630435.32463,6.29698518,5796.47207861,2.34333897,11.939,95.32846012,41.97606259,53.35239753,0.0,0.0,,0.0,0.0,8.191567034,3.381793276,0.0,,,,normal_or_insufficient_data
CRI,Costa Rica,2021,65588938787.0243,8.21817954,12962.27160757,1.72647755,15.139,70.10369331,35.82985873,34.27383458,0.4,0.0,119602.06929351,0.0,0.0,2.759056802,1.678891386,0.08,,,0.0,normal_or_insufficient_data
CRI,Costa Rica,2022,71001226360.8008,5.46119455,13971.76499913,8.2747749,11.325,79.05239032,40.58881047,38.46357984,0.4,0.0,124683.17378045,0.4,0.0,3.019755882,3.00866498,0.16,0.0,,0.0,normal_or_insufficient_data
CRI,Costa Rica,2023,87512637055.7736,4.79187732,17140.77143012,0.52519351,8.325,71.43803103,38.09574871,33.34228233,0.4,0.0,137550.11825495,0.4,0.0,3.407559426,2.669480758,0.24,0.0,,0.0,normal_or_insufficient_data
CRI,Costa Rica,2024,96715644330.6612,4.08292444,18853.28287059,-0.412853,6.936,69.85337864,37.52983979,32.32353885,0.4,0.0,136524.40100678,0.4,0.0,3.682516488,2.167700888,0.32,0.0,,0.0,normal_or_insufficient_data
CRI,Costa Rica,2025,102904921157.478,4.56033548,19970.09890596,-0.07367144,6.843,71.49190465,38.84990591,32.64199874,0.4,0.0,,0.4,0.0,5.422902266,2.007984304,0.4,0.0,,0.0,normal_or_insufficient_data
CSS,Caribbean small states,2021,62692425791.373,7.23640467,13996.44750718,2.22891331,9.71327125,,,,,,,,,-0.12245383,1.251468902,,,,,normal_or_insufficient_data
CSS,Caribbean small states,2022,78475897832.9531,14.74135563,17449.51934222,5.82838639,8.29867756,,,,,,,,,2.975948446,2.07728704,,,,,normal_or_insufficient_data
CSS,Caribbean small states,2023,79594075306.6477,8.80514657,17609.68270712,4.10449282,7.51281291,,,,,,,,,4.474945486,2.656754018,,,,,normal_or_insufficient_data
CSS,Caribbean small states,2024,90434300483.4678,13.32816526,19923.5745911,2.73620752,7.491807,,,,,,,,,6.967560734,3.003886936,,,,,normal_or_insufficient_data
CSS,Caribbean small states,2025,95141207521.3621,7.9750557,20880.06067768,1.21577538,7.55485246,,,,,,,,,10.417225566,3.222755084,,,,,normal_or_insufficient_data
CUB,Cuba,2021,,1.25448736,,,2.11,80.02377031,34.89356551,45.1302048,36.8296815,33.91232877,295158.9330941,39.46830055,36.41530055,-1.16005909,,42.05299641,-6.685413390569714,-6.873406898189119,92.07880000265547,production_below_trend
CUB,Cuba,2022,,1.77465228,,,1.829,93.86077559,40.48962791,53.37114768,34.59971718,32.07945205,299408.61366398,36.8296815,33.91232877,-1.16708699,,39.571339846,-6.054802075874591,-5.4047503857105355,92.71593719425888,production_below_trend
CUB,Cuba,2023,,-1.92937123,,,1.73,120.53387843,45.62676748,74.90711094,32.60660449,30.42958822,262646.36359144,34.59971718,32.07945205,-2.002550942,,36.894660744,-5.760488386743512,-5.143054898283402,93.32338860776608,production_below_trend
CUB,Cuba,2024,,-1.06173273,,,1.755,124.86323887,42.4701633,82.39307556,30.54218007,28.23602544,262601.23885262,32.60660449,30.42958822,-2.182280044,,34.809296758,-6.331307574921304,-7.208650883281654,92.44927957102442,production_below_trend
CUB,Cuba,2025,,,,,1.746,,,,27.70231624,25.46308978,,30.54218007,28.23602544,0.00950892,,32.456099896,-9.298170017632275,-9.820559433523446,91.91682586899816,production_below_trend
CUW,Curacao,2021,2739594357.5419,4.18371019,17795.58264831,,,,,,,,,,,-4.16824223,2.263827806666667,,,,,normal_or_insufficient_data
CUW,Curacao,2022,3075180837.98883,6.90600055,20057.14049601,,,,,,,,,,,-2.5318005,2.6029477,,,,,normal_or_insufficient_data
CUW,Curacao,2023,3281419329.60894,4.2019993,21217.81091733,,,,,,,,,,,-1.270578374,2.62220783,,,,,normal_or_insufficient_data
CUW,Curacao,2024,3561178212.2905,5.02690015,22832.89549899,,,,,,,,,,,0.376028116,,,,,,normal_or_insufficient_data
CUW,Curacao,2025,,,,,,,,,,,,,,5.0796525475,,,,,,normal_or_insufficient_data
CYM,Cayman Islands,2021,6060813808.15072,4.86941655,86449.67490373,,,,,,0.0,0.0,10088.78168063,0.0,0.0,2.256311658,,0.0,,,,normal_or_insufficient_data
CYM,Cayman Islands,2022,6653516041.43929,5.66079367,92937.88383232,,,,,,0.0,0.0,11123.28504524,0.0,0.0,2.751661208,,0.0,,,,normal_or_insufficient_data
CYM,Cayman Islands,2023,7308564549.28678,5.80436961,100065.23384111,,,,,,0.0,0.0,12570.35745046,0.0,0.0,3.05908164,,0.0,,,,normal_or_insufficient_data
CYM,Cayman Islands,2024,7765336505.34319,3.75641197,104292.90067211,,,,,,0.0,0.0,12702.57114159,0.0,0.0,3.027236966,,0.0,,,,normal_or_insufficient_data
CYM,Cayman Islands,2025,,,,,,,,,0.0,0.0,,0.0,0.0,5.02274795,,0.0,,,,normal_or_insufficient_data
CYP,Cyprus,2021,30372637513.1352,11.39755908,32937.8359375,2.44608867,7.513,176.82773682,90.75783316,86.06990366,0.0,0.0,92856.00366757,0.0,0.0,5.215004138,0.805058914,0.0,,,,normal_or_insufficient_data
CYP,Cyprus,2022,31218047043.8386,8.73854685,33231.05078125,8.39548298,6.806,205.75353025,104.66607651,101.08745374,0.0,0.0,98980.49738644,0.0,0.0,5.812547034,2.37780221,0.0,,,,normal_or_insufficient_data
CYP,Cyprus,2023,35075440602.5202,3.62045368,36623.70703125,3.54134189,5.835,190.74095796,96.3899707,94.35098726,0.0,0.0,102228.53958153,0.0,0.0,5.28230505,2.798972348,0.0,,,,normal_or_insufficient_data
CYP,Cyprus,2024,37634551820.7367,3.94076934,38674.3125,1.80023019,4.9,190.40287092,97.02023594,93.38263498,0.0,0.0,103342.52030352,0.0,0.0,4.895339752,3.108944186,0.0,,,,normal_or_insufficient_data
CYP,Cyprus,2025,41225787247.3309,3.77325348,41783.08984375,0.12652885,4.924,189.49610211,97.57383206,91.92227005,0.0,0.0,,0.0,0.0,6.294116486,3.261934516,0.0,,,,normal_or_insufficient_data
CZE,Czechia,2021,290972714482.313,4.02901832,27696.46195275,3.83984492,2.803,137.3781163,70.55004514,66.82807116,10.71206988,1.68688493,458393.22771478,10.16092295,1.84267213,2.058757306,2.889809018,10.587429526,5.424181766873845,-8.454417769915477,15.747516109370265,normal_or_insufficient_data
CZE,Czechia,2022,301831228325.556,2.84717066,28282.22367159,15.10016515,2.224,144.01149411,72.40942814,71.60206597,9.94274655,1.52628767,466961.77947497,10.71206988,1.68688493,1.593478378,5.419735252,10.204190616,-7.181836364196683,-9.520344698319168,15.350765126362393,normal_or_insufficient_data
CZE,Czechia,2023,345059295659.911,0.04758033,31761.59441025,10.66126014,2.579,131.8925983,68.40310693,63.48949137,9.39951552,1.38577808,461426.1319516,9.94274655,1.52628767,1.036933268,7.12208829,9.95948057,-5.463591244815548,-9.205970326681602,14.743079864609873,normal_or_insufficient_data
CZE,Czechia,2024,347082562221.377,1.25131096,31827.75525394,2.43531202,2.6,131.46660813,68.85852821,62.60807991,10.98818515,1.38201639,485171.727583,9.39951552,1.38577808,0.574040144,7.039575502,10.24068801,16.90161186094834,-0.2714496681892962,12.577294349649723,normal_or_insufficient_data
CZE,Czechia,2025,391026962800.475,2.58046673,35917.27240817,2.45996368,2.825,128.03943737,66.94509593,61.09434144,10.89130059,1.34555068,475720.05241477,10.98818515,1.38201639,2.1511094,6.899309182,10.386763538,-0.8817157581295397,-2.63858737594277,12.354361803542877,normal_or_insufficient_data
DEU,Germany,2021,4355251953410.78,3.90999994,52349.24599944,3.06666667,3.594,79.91953486,42.51983793,37.39969693,188.70478776,35.98255616,4601248.52136939,185.58012077,37.42792077,0.937884596,1.579773604,174.325639674,1.6837293655351036,-3.861728304070042,19.068173408384112,normal_or_insufficient_data
DEU,Germany,2022,4201021706478.62,1.80925812,50506.51796385,6.87257439,3.137,88.78575421,45.62840434,43.15734987,185.22286166,33.24212603,4700153.1336482,188.70478776,35.98255616,0.740154876,2.652389512,178.187291828,-1.845171042733908,-7.615996256114785,17.94709666618807,normal_or_insufficient_data
DEU,Germany,2023,4562207532490.28,-0.86964758,54776.76682355,5.94643668,3.071,81.96254838,42.96726242,38.99528596,185.45165591,32.15921918,4436914.98485272,185.22286166,33.24212603,0.33908615,3.495243088,181.417857126,0.12352376372414589,-3.257634150784188,17.34102562859127,normal_or_insufficient_data
DEU,Germany,2024,4685592577804.69,-0.4958519,56103.73231826,2.25649814,3.4,79.09073059,41.43405937,37.65667122,182.18311529,28.72426503,4411208.58369674,185.45165591,32.15921918,0.04436883,3.657410762,185.428508278,-1.7624758344493987,-10.681086909399273,15.766699885593992,normal_or_insufficient_data
DEU,Germany,2025,5050922925047.05,0.23957834,60496.43508204,2.17178771,3.711,78.51281122,40.43477385,38.07803737,185.63678918,31.57996438,4378588.9059289,182.18311529,28.72426503,0.918667384,4.062792718,185.43984196,1.8957156839163851,9.941766471718145,17.01169499833298,normal_or_insufficient_data
DJI,Djibouti,2021,3392796953.08939,4.40715668,3025.91126414,1.18086784,27.628,263.47772873,142.72819397,120.74953476,0.0,0.0,10810.32382767,0.0,0.0,4.277356706,1.39872547,0.0,,,,normal_or_insufficient_data
DJI,Djibouti,2022,3562814908.76149,5.16653703,3133.25779772,5.17222089,26.272,302.28540923,159.25073553,143.0346737,0.0,0.0,10163.94385957,0.0,0.0,4.219045808,2.317712504,0.0,,,,normal_or_insufficient_data
DJI,Djibouti,2023,3898447007.38798,6.80733529,3381.29779711,1.44905087,26.074,285.9020438,150.7413226,135.1607212,0.0,0.0,9942.03396208,0.0,0.0,4.625644996,2.579755398,0.0,,,,normal_or_insufficient_data
DJI,Djibouti,2024,4152145939.98458,6.98048467,3552.72335079,2.11201167,26.007,241.2374631,126.41526714,114.82219595,0.0,0.0,10233.34458951,0.0,0.0,4.912725768,2.338631326,0.0,,,,normal_or_insufficient_data
DJI,Djibouti,2025,4624533092.31886,6.49546105,3905.60495468,-0.3137318,26.015,206.29604319,110.49358864,95.80245456,0.0,0.0,,0.0,0.0,5.971394944,1.920083894,0.0,,,,normal_or_insufficient_data
DMA,Dominica,2021,562911111.111111,5.37983839,8376.40414141,2.22891331,,,,,0.0,0.0,2435.51203131,0.0,0.0,-2.191763924,1.247849056,0.0,,,,normal_or_insufficient_data
DMA,Dominica,2022,623062962.962963,10.39680766,9323.66089491,2.88490227,,,,,0.0,0.0,2504.77644803,0.0,0.0,1.396470358,1.765578932,0.0,,,,normal_or_insufficient_data
DMA,Dominica,2023,659311111.111111,3.65221012,9912.96212767,5.08677483,,,,,0.0,0.0,2631.80517269,0.0,0.0,1.53411026,2.585095674,0.0,,,,normal_or_insufficient_data
DMA,Dominica,2024,688881481.481481,2.05273847,10405.27877776,2.73620752,,,,,0.0,0.0,2701.33506256,0.0,0.0,1.155038438,2.83141247,0.0,,,,normal_or_insufficient_data
DMA,Dominica,2025,723859259.259259,3.05243763,10989.04311851,2.53385126,,,,,0.0,0.0,,0.0,0.0,4.906806454,3.094129838,0.0,,,,normal_or_insufficient_data
DNK,Denmark,2021,406110162088.054,6.50025446,69340.73349221,1.85304544,5.065,112.3214727,59.20734787,53.11412483,71.78097715,64.12427717,307200.83313329,79.07805938,71.41231184,2.269606822,0.998526124,105.312112354,-9.227695124553776,-10.20557167555213,89.33324637807608,production_below_trend
DNK,Denmark,2022,400114306337.077,0.44383261,67781.09409395,7.696567,4.434,131.99582491,70.75521488,61.24061003,72.4473292,64.7905198,325057.98387934,71.78097715,64.12427717,1.747077896,2.30841309,90.898296546,0.9283128712604882,1.038986573265727,89.43120542254579,production_below_trend
DNK,Denmark,2023,404651706117.557,0.60458777,68043.54669712,3.30517811,5.094,129.62533743,69.31436206,60.31097537,67.55774052,59.44336829,320006.97629627,72.4473292,64.7905198,1.495993952,2.806726818,80.021842446,-6.749163473648108,-8.25298442813234,87.98898221352178,production_below_trend
DNK,Denmark,2024,424524722037.047,3.47783593,71026.48322719,1.3722005,5.358,131.76503098,71.0020132,60.76301777,67.30391131,59.96365624,327570.44586845,67.55774052,59.44336829,1.84928095,2.929540604,71.633603512,-0.3757218759038509,0.875266602426913,89.09386553154246,normal_or_insufficient_data
DNK,Denmark,2025,462526660468.393,2.9284328,76970.15352179,1.89367373,5.529,129.22230433,70.11707255,59.10523179,79.27909836,71.81064218,307387.91384131,67.30391131,59.96365624,2.790988714,3.224132956,71.673811308,17.79270597639209,19.75694392714036,90.57953945681075,normal_or_insufficient_data
DOM,Dominican Republic,2021,94850719516.7127,14.01242891,8527.07548582,8.24300348,7.702,51.95002273,21.5282998,30.42172293,-0.09635485,0.0,266459.81021794,-0.0881,0.0,4.401756968,4.135726052,-0.09209097,9.369863791146425,,0.0,production_below_trend
DOM,Dominican Republic,2022,113478103598.499,5.23795653,10104.24640086,8.81109209,5.504,54.37819767,22.02618662,32.35201105,-0.09501386,0.0,309491.1388634,-0.09635485,0.0,4.662575922,5.24203308,-0.092913742,-1.391720292232306,,0.0,production_below_trend
DOM,Dominican Republic,2023,120456239153.739,2.19229848,10630.43174383,4.78561281,5.555,49.84361318,21.32331653,28.52029664,-0.09724698,0.0,309354.57243384,-0.09501386,0.0,3.681532338,5.48626879,-0.093983138,2.3503097337588432,,0.0,production_below_trend
DOM,Dominican Republic,2024,124282245638.568,4.95352204,10875.66184431,3.30223339,5.312,51.7835144,22.7679274,29.015587,-0.04814785,0.0,309216.97626977,-0.09724698,0.0,3.693430724,5.784594714,-0.084972708,-50.489105162957244,,0.0,sharp_production_decline
DOM,Dominican Republic,2025,127407463759.043,2.11739114,11059.20815318,3.87311768,5.092,51.49490571,23.63992101,27.8549847,0.0,0.0,,-0.04814785,0.0,5.70271942,5.80301189,-0.067352708,-100.0,,,sharp_production_decline
DZA,Algeria,2021,186231205262.082,3.8,4160.55926737,7.22606307,13.656,46.83705926,23.44436729,23.39269197,1415.12933946,1133.94520548,850541.9798004,1404.30674372,1122.43169399,0.52,4.290813666,1519.83936924,0.7706717772593621,1.0257650021509974,80.13014597751912,normal_or_insufficient_data
DZA,Algeria,2022,225581644702.568,3.6,4960.30334333,9.26551552,12.382,51.19008937,30.79155618,20.39853319,1473.03068118,1211.8630137,895503.46982488,1415.12933946,1133.94520548,0.94,5.025693588,1487.871600544,4.091593616601476,6.871390949355205,82.27004564013653,normal_or_insufficient_data
DZA,Algeria,2023,247923887214.655,4.1,5370.47723508,9.32217376,11.645,43.73979845,23.79006047,19.94973798,1444.29104553,1183.09589041,922073.19457481,1473.03068118,1211.8630137,1.48,6.0361303,1461.3724228,-1.951054789094926,-2.3737933219176024,81.91533791417011,normal_or_insufficient_data
DZA,Algeria,2024,269322281664.773,3.7,5752.99076651,4.04611455,11.655,40.13457412,19.85238007,20.28219405,1380.78690796,1119.61748634,943887.32892297,1444.29104553,1183.09589041,2.04,6.454999568,1423.50894357,-4.3969072415523005,-5.365448784375514,81.08546509860406,normal_or_insufficient_data
DZA,Algeria,2025,287031225987.736,3.81554372,6051.00322704,1.41835151,11.633,38.97894402,16.83477516,22.14416886,1404.09648474,1142.95890411,,1380.78690796,1119.61748634,3.803108744,6.255643682,1423.466891774,1.6881371517664516,2.084767168678517,81.40173531747318,normal_or_insufficient_data
EAP,East Asia & Pacific (excluding high income),2021,21231427856677.9,7.7202304,9974.57917918,2.6989186,4.13328663,44.76699632,22.99796695,21.07499619,,,,,,5.630640214,2.631753776,,,,,normal_or_insufficient_data
EAP,East Asia & Pacific (excluding high income),2022,21564016559632.4,3.54917735,10107.05695455,5.6696437,4.23491194,46.84188981,24.39812191,21.87111688,,,,,,5.007142614,3.183155402,,,,,normal_or_insufficient_data
EAP,East Asia & Pacific (excluding high income),2023,21645526054900.4,5.26014161,10126.43041214,5.88585897,3.97712382,45.07191016,23.31366356,21.45496547,,,,,,4.751570042,3.720657684,,,,,normal_or_insufficient_data
EAP,East Asia & Pacific (excluding high income),2024,22248728139844.3,4.95407478,10391.15261014,2.18151274,3.91370992,46.59443181,24.56186599,22.01036153,,,,,,4.565406542,3.76844523,,,,,normal_or_insufficient_data
EAP,East Asia & Pacific (excluding high income),2025,23247334500847.4,4.94449355,10843.43639941,2.06264825,3.91810951,46.88384861,25.52188848,21.84100756,,,,,,5.285623538,3.699716452,,,,,normal_or_insufficient_data
EAR,Early-demographic dividend,2021,12689608907980.0,7.50689562,3697.4103832,4.12676744,6.74359582,53.27369463,25.59870392,26.97234286,,,,,,2.719784276,3.431324216,,,,,normal_or_insufficient_data
EAR,Early-demographic dividend,2022,13943279396110.6,6.02429179,4017.48956261,7.19861616,5.64296814,58.85080863,28.55563752,29.67471795,,,,,,3.026641318,4.205412774,,,,,normal_or_insufficient_data
EAR,Early-demographic dividend,2023,14791485754640.0,4.12336017,4212.16924808,5.88585897,5.11313521,53.29906176,26.12024932,27.55357781,,,,,,3.128751394,4.587462536,,,,,normal_or_insufficient_data
EAR,Early-demographic dividend,2024,15648921855175.6,3.86155873,4405.28492631,3.28955986,5.14374778,52.03530995,25.47382097,27.05094529,,,,,,3.446535898,4.69287047,,,,,normal_or_insufficient_data
EAR,Early-demographic dividend,2025,16406032169247.4,4.372164,4566.42669968,3.20550474,5.15217208,52.53809255,25.69491531,27.58523911,,,,,,5.177654062,4.741261434,,,,,normal_or_insufficient_data
EAS,East Asia & Pacific,2021,31866900585287.8,6.48037639,13416.97734416,2.47710241,4.06219092,54.86001512,28.35236709,25.88229144,,,,,,4.055858098,1.841453076,,,,,normal_or_insufficient_data
EAS,East Asia & Pacific,2022,31457553986143.5,3.05155878,13219.58635622,5.51812929,4.10032254,59.69390183,30.80578695,28.34725628,,,,,,3.658835812,2.58501049,,,,,normal_or_insufficient_data
EAS,East Asia & Pacific,2023,31597454903562.8,4.07119549,13251.51197978,4.25155509,3.86187013,57.14665837,29.67460805,27.39221188,,,,,,3.51067429,2.961611696,,,,,normal_or_insufficient_data
EAS,East Asia & Pacific,2024,32200466782431.1,3.72534173,13482.4788785,2.27673551,3.80594106,58.35690377,31.12203564,28.06229225,,,,,,3.447561442,3.074084606,,,,,normal_or_insufficient_data
EAS,East Asia & Pacific,2025,33656980597208.2,3.99734139,14077.27120263,1.91333443,3.80602951,63.83829359,32.5369215,28.4519493,,,,,,4.265162756,3.287371346,,,,,normal_or_insufficient_data
ECA,Europe & Central Asia (excluding high income),2021,1670530886782.34,9.27987063,6632.57221034,6.91756771,8.95407922,73.19708508,37.5139122,37.91983104,,,,,,4.397278996,3.895260556,,,,,normal_or_insufficient_data
ECA,Europe & Central Asia (excluding high income),2022,1819829713206.56,3.11188051,7264.37321854,13.88758417,7.71538545,82.19523921,40.75161573,43.02361478,,,,,,3.817861578,5.752062678,,,,,normal_or_insufficient_data
ECA,Europe & Central Asia (excluding high income),2023,2141252006536.72,5.05062998,8609.12296291,9.0736515,7.17961713,72.29957073,35.0791932,38.74937764,,,,,,4.070480858,7.053647218,,,,,normal_or_insufficient_data
ECA,Europe & Central Asia (excluding high income),2024,2454291731125.3,4.05695234,9801.70054676,4.67052975,6.90688668,64.78472788,31.83542646,34.31186162,,,,,,4.358025974,7.459096782,,,,,normal_or_insufficient_data
ECA,Europe & Central Asia (excluding high income),2025,2815874458069.5,4.20093767,11117.61379372,5.62208788,6.84424614,61.2226152,29.01764192,32.77144427,,,,,,5.140054226,8.034284202,,,,,normal_or_insufficient_data
ECS,Europe & Central Asia,2021,25606138714522.2,6.8246072,27700.99966739,3.19017771,6.90011121,83.18563265,45.36969396,41.44663628,,,,,,1.684911836,2.016541146,,,,,normal_or_insufficient_data
ECS,Europe & Central Asia,2022,25850174701132.2,3.42810235,27968.2861482,11.11361219,5.84606411,93.44231125,49.73093578,46.57399812,,,,,,1.778194946,3.856145892,,,,,normal_or_insufficient_data
ECS,Europe & Central Asia,2023,27758730809930.4,1.04695406,30015.76408954,7.12042212,5.55238526,86.15294978,46.31659197,43.35042546,,,,,,1.551062428,4.877586372,,,,,normal_or_insufficient_data
ECS,Europe & Central Asia,2024,29371366035247.0,1.61092976,31630.85529376,2.75760909,5.37221818,82.84331757,44.78681341,41.3307224,,,,,,1.506948804,5.076361016,,,,,normal_or_insufficient_data
ECS,Europe & Central Asia,2025,32268612230366.9,1.7032971,34603.48089246,3.74577317,5.35931989,81.82046553,43.71318477,41.01437735,,,,,,2.922778094,5.585518856,,,,,normal_or_insufficient_data
ECU,Ecuador,2021,107179074000.0,9.42189269,6061.32350182,0.13325139,4.504,53.26127561,27.06597558,26.19530003,475.64964586,472.88116884,509641.12131708,484.86382391,479.37082391,1.471378876,0.050724772,511.012342608,-1.9003641013461807,-1.3537859932874028,99.41795877615037,normal_or_insufficient_data
ECU,Ecuador,2022,116133121000.0,5.86842355,6515.58528418,3.46616972,3.713,61.88079282,30.92524569,30.95554713,483.76806701,480.96738082,578508.49942312,475.64964586,472.88116884,1.450983824,0.660491598,500.580298476,1.7068069367152499,1.7099881561864396,99.42106840426446,normal_or_insufficient_data
ECU,Ecuador,2023,120792801000.0,1.83284061,6718.14479388,2.21568764,3.51,57.16269383,28.64953682,28.51315701,478.02092267,475.27436385,604451.93246838,483.76806701,480.96738082,1.608693024,1.148449776,491.735829764,-1.1879958045848447,-1.1836596819297789,99.42543125420976,normal_or_insufficient_data
ECU,Ecuador,2024,123802374000.0,-1.94409023,6826.52941378,1.54732516,3.453,57.44364482,30.49787801,26.94576681,478.05457764,475.28359899,604131.58796996,478.02092267,475.27436385,1.186794086,1.404712304,480.071407418,0.0070404805321112665,0.0019431176395019439,99.42036353596289,normal_or_insufficient_data
ECU,Ecuador,2025,130320560400.0,3.72594857,7125.27618528,0.71046932,3.308,59.3567812,31.43858212,27.91819908,443.48276003,440.70020743,,478.05457764,475.28359899,3.781003038,1.614580646,471.795194642,-7.231772108672157,-7.2763696524540995,99.3725680340287,normal_or_insufficient_data
EGY,"Egypt, Arab Rep.",2021,424671765455.704,3.29064601,3827.35415374,5.21404941,7.441,29.85697348,10.56115022,19.29582327,659.82190632,560.94241499,1675832.08401525,681.58231721,586.73497268,4.381046708,12.663971212,699.924876924,-3.192631372696759,-4.395946873967411,85.01421514155587,normal_or_insufficient_data
EGY,"Egypt, Arab Rep.",2022,476747720364.742,6.58784561,4233.30783745,13.89566098,6.546,36.98310488,15.08702582,21.89607906,666.64874422,567.65205479,1829121.85572983,659.82190632,560.94241499,4.86237163,9.54178173,690.939920618,1.0346485672285521,1.1961370045657207,85.15009736561805,normal_or_insufficient_data
EGY,"Egypt, Arab Rep.",2023,395926071447.591,3.76028052,3456.78965212,33.88477631,6.753,40.45040077,19.10609134,21.34430943,666.31638734,564.24657534,1998695.37002431,666.64874422,567.65205479,4.54820601,13.438443836,678.240633484,-0.04985487228193432,-0.5999237422402778,84.68147955846132,normal_or_insufficient_data
EGY,"Egypt, Arab Rep.",2024,389059910593.1,2.39916927,3338.47371044,28.27058993,6.817,39.60075209,16.37624221,23.22450988,638.95731339,536.84972678,2045489.250457,666.31638734,564.24657534,3.91762125,17.262001904,662.665333696,-4.106018472578784,-4.855474495966837,84.01965444792137,normal_or_insufficient_data
EGY,"Egypt, Arab Rep.",2025,365254630179.737,4.39201069,3085.80712036,14.07351366,6.781,51.33434788,19.82002845,31.51431943,607.81200939,504.79452055,,638.95731339,536.84972678,4.08599042,19.067718058,647.911272132,-4.874395103916724,-5.9709830574499225,83.05109355384597,normal_or_insufficient_data
EMU,Euro area,2021,15008955622791.4,6.44349747,42432.291572,2.52692009,7.69446993,88.55551855,48.62297926,44.62035235,,,,,,1.287457504,1.455320284,,,,,normal_or_insufficient_data
EMU,Euro area,2022,14578675912327.5,3.66468498,41105.34620993,8.54686993,6.72976967,100.76132294,54.04312908,52.0762383,,,,,,1.495763158,2.888402528,,,,,normal_or_insufficient_data
EMU,Euro area,2023,15957338405375.8,0.46007037,44797.64452814,5.94643668,6.52267389,92.15616858,50.39354584,46.80352626,,,,,,1.231318622,3.736990274,,,,,normal_or_insufficient_data
EMU,Euro area,2024,16601464538082.4,0.93870726,46424.24130846,2.25649814,6.34778065,88.64232418,49.19608869,44.83982859,,,,,,1.092642184,3.899157948,,,,,normal_or_insufficient_data
EMU,Euro area,2025,18010000307247.0,1.41107242,50214.0783016,2.46705544,6.28355946,87.32402961,48.57026034,44.68864692,,,,,,2.5836065,4.348756056,,,,,normal_or_insufficient_data
ERI,Eritrea,2021,,,,,6.489,,,,0.0,0.0,9404.18758954,0.0,0.0,,,0.0,,,,normal_or_insufficient_data
ERI,Eritrea,2022,,,,,6.033,,,,0.0,0.0,10203.88827415,0.0,0.0,,,0.0,,,,normal_or_insufficient_data
ERI,Eritrea,2023,,,,,5.909,,,,0.0,0.0,10706.15816334,0.0,0.0,,,0.0,,,,normal_or_insufficient_data
ERI,Eritrea,2024,,,,,5.947,,,,0.0,0.0,11098.05749924,0.0,0.0,,,0.0,,,,normal_or_insufficient_data
ERI,Eritrea,2025,,,,,5.978,,,,0.0,0.0,,0.0,0.0,,,0.0,,,,normal_or_insufficient_data
ESP,Spain,2021,1461244901852.69,6.6831442,30799.47759378,3.09313512,14.914,66.52458894,33.75708433,32.76750462,76.70292668,0.11842466,2623463.391705,74.60522787,0.54882787,0.599141078,1.420191758,76.200041048,2.8117316572710576,-78.42225833028486,0.15439392618492975,normal_or_insufficient_data
ESP,Spain,2022,1448850658406.62,6.37031712,30319.49871966,8.39057634,13.033,78.46573387,39.67168243,38.79405144,76.19299686,0.01869589,2834166.9743063,76.70292668,0.11842466,1.293996086,2.70709176,76.075190556,-0.664811425159038,-84.2128404675175,0.024537543830114153,normal_or_insufficient_data
ESP,Spain,2023,1619481980719.64,2.46085797,33493.22254091,3.53236133,12.179,71.79763661,37.81664765,33.98098896,76.91276342,0.01371233,2792131.89616508,76.19299686,0.01869589,1.307085432,3.078567752,76.16943639,0.9446623569913221,-26.65591207479291,0.01782841935495236,normal_or_insufficient_data
ESP,Spain,2024,1725671652742.19,3.45525406,35326.76830693,2.74714789,11.4,69.95026124,37.05587927,32.89438197,76.94711488,0.01221311,2892981.9599506,76.91276342,0.01371233,1.605900542,3.488093532,76.272205942,0.044662886200585304,-10.9333716443522,0.01587208307815894,normal_or_insufficient_data
ESP,Spain,2025,1906453309985.88,2.82495401,38627.24721486,2.69993286,10.376,69.45082601,36.63748139,32.81334462,77.26737071,0.02650411,2907298.97391253,76.94711488,0.01221311,4.358905472,4.092630708,76.80463451,0.416202518443275,117.013602595899,0.03430181428002159,normal_or_insufficient_data
EST,Estonia,2021,37201101170.5847,8.25488045,27951.16592777,4.65316674,6.178,160.47192231,79.61590882,80.85601348,21.84374247,0.0,61839.19365602,22.91243443,0.0,3.686418484,2.667891464,21.459202504,-4.664244488140145,,0.0,normal_or_insufficient_data
EST,Estonia,2022,38226641740.29,-1.22616967,28340.38265494,19.39826341,5.571,175.68711951,87.42993808,88.25718142,21.21090685,0.0,63278.36021773,21.84374247,0.0,2.314250052,5.864097048,22.023014558,-2.8971025494790132,,0.0,normal_or_insufficient_data
EST,Estonia,2023,41470344395.1086,-2.74421915,30264.00648851,9.15922508,6.378,154.59261711,77.7746597,76.81795741,23.74243562,0.0,59884.77264922,21.21090685,0.0,1.02546671,7.008676688,22.460281408,11.935033178461202,,0.0,normal_or_insufficient_data
EST,Estonia,2024,43130419829.35,-0.09004286,31428.35478161,3.5194119,7.6,151.03770241,75.66948332,75.36821909,23.5437459,0.0,61105.75275092,23.74243562,0.0,0.262128252,7.257107206,22.650653054,-0.8368548331773891,,0.0,normal_or_insufficient_data
EST,Estonia,2025,47030833798.5866,0.58430846,34417.63208151,4.82920754,8.313,155.75991665,78.36235502,77.39756162,22.09894795,0.0,53558.2199956,23.5437459,0.0,0.955751446,8.311854934,22.487955758,-6.136652833991043,,0.0,normal_or_insufficient_data
ETH,Ethiopia,2021,109070960370.972,5.64153069,893.00983544,26.83952216,3.935,24.34505747,7.63170919,16.71334827,0.0,0.0,218260.01616389,0.0,0.0,7.289096952,17.505130376,0.0,,,,normal_or_insufficient_data
ETH,Ethiopia,2022,123140304665.399,5.32175988,982.1031615,33.88987971,3.386,26.5954997,8.24396038,18.35153932,0.0,0.0,221571.48831684,0.0,0.0,6.440610996,22.145683312,0.0,,,,normal_or_insufficient_data
ETH,Ethiopia,2023,135874093203.18,6.59424599,1055.81091593,30.21882781,3.375,20.59820151,6.59591829,14.00228322,0.0,0.0,222026.46005216,0.0,0.0,6.396230636,25.422841742,0.0,,,,normal_or_insufficient_data
ETH,Ethiopia,2024,149740297952.375,7.61277448,1133.88279681,21.03774606,3.357,17.40043586,5.53927082,11.86116504,0.0,0.0,227330.54656026,0.0,0.0,6.245968386,26.46846452,0.0,,,,normal_or_insufficient_data
ETH,Ethiopia,2025,126358758448.356,9.77151822,932.72935278,13.22964328,3.323,33.45978266,13.28375458,20.17602807,0.0,0.0,,0.0,0.0,6.988365852,25.043123804,0.0,,,,normal_or_insufficient_data
EUU,European Union,2021,17495257191725.6,6.37773717,39206.96633687,2.554507,7.02659354,91.20279877,49.71706975,45.91091009,,,,,,1.507727796,1.565848902,,,,,normal_or_insufficient_data
EUU,European Union,2022,17023620598906.4,3.56455511,38066.82403982,8.83369887,6.16137258,103.70429782,55.29939202,53.43288696,,,,,,1.657017146,3.04676719,,,,,normal_or_insufficient_data
EUU,European Union,2023,18659279022583.3,0.43800892,41566.89924108,6.29942487,6.02643653,95.21843224,51.75802051,48.10950939,,,,,,1.335334994,3.95893044,,,,,normal_or_insufficient_data
EUU,European Union,2024,19501078750999.4,1.08657886,43313.76682039,2.43531202,5.92300804,91.64121298,50.3674761,46.10948146,,,,,,1.177599768,4.119888322,,,,,normal_or_insufficient_data
EUU,European Union,2025,21243212570163.3,1.53795435,47089.16384193,2.46705544,5.92604538,90.13933973,49.60671798,45.81552425,,,,,,2.600966882,4.51799964,,,,,normal_or_insufficient_data
FIN,Finland,2021,294223210496.119,2.67634641,53099.13514001,2.19457432,7.617,79.78927819,39.92177325,39.86750494,16.73502355,0.0,385261.87556364,16.0127,0.0,1.20627929,1.069411768,16.29580471,4.510941627583106,,0.0,normal_or_insufficient_data
FIN,Finland,2022,280253099309.34,0.76304191,50440.56022497,7.12350773,6.719,94.56253405,46.28478028,48.27775377,16.61781569,0.0,407330.96701637,16.73502355,0.0,0.698213664,2.343310304,16.409747848,-0.7003746343697258,,0.0,normal_or_insufficient_data
FIN,Finland,2023,295191741637.26,-1.28973484,52864.69315812,6.25064322,7.149,85.51418472,42.76844746,42.74573726,16.82755686,0.0,372115.57929308,16.61781569,0.0,0.201671176,3.376674752,16.53039922,1.2621464451926414,,0.0,normal_or_insufficient_data
FIN,Finland,2024,298729432711.719,0.37456657,53155.54511659,1.56568906,8.4,83.45102956,41.90323668,41.54779288,16.74570381,0.0,374190.33772273,16.82755686,0.0,0.006636798,3.484993778,16.587759982,-0.4864226618337512,,0.0,normal_or_insufficient_data
FIN,Finland,2025,317039368819.607,0.17344451,56148.58094905,0.33787466,9.461,83.39594397,42.32669209,41.06925188,16.7876993,0.0,375218.70456912,16.74570381,0.0,0.539532912,3.494457798,16.742759842,0.2507836665241961,,0.0,normal_or_insufficient_data
FJI,Fiji,2021,4158873156.17978,-4.345962,4536.7331211,1.53454854,5.225,87.21593218,34.21006793,53.00586425,0.0,0.0,18361.28471097,0.0,0.0,-2.589145712,1.811469614,0.0,,,,normal_or_insufficient_data
FJI,Fiji,2022,4977861885.60316,17.74512698,5414.12092119,6.07882432,5.403,119.21374666,49.98038017,69.23336649,0.0,0.0,25608.03078971,0.0,0.0,-0.110793186,2.357718808,0.0,,,,normal_or_insufficient_data
FJI,Fiji,2023,5476673518.13788,9.44245857,5926.20586395,2.97544081,5.316,126.28213451,57.50697871,68.7751558,0.0,0.0,32422.20396889,0.0,0.0,1.01522834,2.136511694,0.0,,,,normal_or_insufficient_data
FJI,Fiji,2024,5968125909.27126,3.53085896,6425.74151716,3.89084238,5.361,118.96288089,54.40590951,64.55697138,0.0,0.0,33319.55724704,0.0,0.0,1.83778945,2.555902874,0.0,,,,normal_or_insufficient_data
FJI,Fiji,2025,6198013062.06553,3.19546862,6642.00449451,-1.38326834,5.347,,,,0.0,0.0,,0.0,0.0,5.913590226,2.619277542,0.0,,,,normal_or_insufficient_data
FRA,France,2021,2966433692008.09,6.88233783,43725.09995212,1.64233141,7.871,63.78848263,31.28804993,32.5004327,107.91239986,13.03326575,3396030.21431118,105.5583306,12.9378306,1.039732394,1.222036602,107.948995018,2.230112248478473,0.7376441456885361,12.077634976989382,normal_or_insufficient_data
FRA,France,2022,2794788137066.94,2.71676264,40988.63964066,5.22236748,7.303,75.9630078,36.61604843,39.34695937,106.48176535,11.96905753,3400152.75442384,107.91239986,13.03326575,1.16636195,2.060053548,107.189911076,-1.3257369049859253,-8.165322801002503,11.240476236150231,normal_or_insufficient_data
FRA,France,2023,3056250648138.29,1.43921494,44700.13841775,4.87835727,7.335,70.62614506,34.45625688,36.16988818,106.92719754,11.76816986,3340464.0871418,106.48176535,11.96905753,1.125023194,2.665561986,105.30270582,0.4183178110692358,-1.6783917154419425,11.00577788508643,normal_or_insufficient_data
FRA,France,2024,3160442622465.08,1.19046798,46103.08408559,1.99904942,7.4,68.10818754,33.88975423,34.21843331,106.40060073,10.99498087,3345888.88826717,106.92719754,11.76816986,0.957627498,2.843720886,106.656058816,-0.49248163434097986,-6.570171906067304,10.333570294307492,normal_or_insufficient_data
FRA,France,2025,3366315927447.33,0.84094996,48985.73078079,0.94377021,7.542,67.19237728,33.39282251,33.79955477,105.8887714,10.22183014,3306783.90244281,106.40060073,10.99498087,2.61394667,2.937175158,106.722146976,-0.4810398874521467,-7.03185152517687,9.653365512558965,normal_or_insufficient_data
FRO,Faroe Islands,2021,3699551717.10561,5.06636292,69421.69816865,,,103.48803715,51.98048109,51.50755605,0.0,0.0,12753.70505652,0.0,0.0,2.848655044,,0.0,,,,normal_or_insufficient_data
FRO,Faroe Islands,2022,3615241800.50058,3.86099982,67069.39874405,,,122.86334141,61.37440388,61.48893753,0.0,0.0,11707.16350463,0.0,0.0,2.918452274,,0.0,,,,normal_or_insufficient_data
FRO,Faroe Islands,2023,3943131022.2291,3.15873872,72486.6910958,,,113.33640078,57.19475835,56.14164243,0.0,0.0,12045.4355121,0.0,0.0,2.997458114,,0.0,,,,normal_or_insufficient_data
FRO,Faroe Islands,2024,4052937169.76536,0.84371685,74175.27763114,,,105.75280304,54.55625579,51.19654724,0.0,0.0,12045.4355121,0.0,0.0,2.258499426,,0.0,,,,normal_or_insufficient_data
FRO,Faroe Islands,2025,,,,,,,,,0.0,0.0,,0.0,0.0,3.2324545775,,0.0,,,,normal_or_insufficient_data
FSM,"Micronesia, Fed. Sts.",2021,391601900.0,3.09969928,3508.22314198,3.19128407,,90.39792708,19.66282595,70.73510113,,,2403.22732221,,,1.43351712,1.550076878,,,,,normal_or_insufficient_data
FSM,"Micronesia, Fed. Sts.",2022,415232900.0,-3.11412501,3703.66680343,5.40874375,,104.76048502,28.89944414,75.86104088,,,2446.00983704,,,0.395754358,2.51537488,,,,,normal_or_insufficient_data
FSM,"Micronesia, Fed. Sts.",2023,442975600.0,1.130978,3933.01607032,,,95.26484077,22.12311468,73.14172609,,,2465.56002199,,,0.540649144,2.76961854,,,,,normal_or_insufficient_data
FSM,"Micronesia, Fed. Sts.",2024,481121300.0,2.30132924,4251.69052669,,,96.44137559,22.44756156,73.99381403,,,2527.73762855,,,0.272170052,3.051540816666667,,,,,normal_or_insufficient_data
FSM,"Micronesia, Fed. Sts.",2025,501797600.0,1.06260714,4414.00737137,,,93.06541123,22.12047248,70.94493876,,,,,,0.89609773,4.30001391,,,,,normal_or_insufficient_data
GAB,Gabon,2021,19444935097.2333,1.46795732,8181.40914134,1.08690747,21.223,85.34831221,60.93912049,24.40919171,174.71526862,175.04109589,31526.92577459,173.33587978,173.63387978,0.972312732,2.461045698,188.716780366,0.7957895628710784,0.8104501908170171,100.18649043817038,normal_or_insufficient_data
GAB,Gabon,2022,20440655695.229,3.0376145,8409.20741452,4.23124798,20.319,92.06308885,67.57873319,24.48435566,195.48683291,195.80821918,32097.73209197,174.71526862,175.04109589,1.485307226,2.776910128,188.105683934,11.88880883397631,11.864141494549688,100.1644030266468,normal_or_insufficient_data
GAB,Gabon,2023,19388372070.9778,2.43893665,7802.82433276,3.62901534,20.161,91.47865332,63.72827778,27.75037554,203.94502068,204.2739726,34111.34838893,195.48683291,195.80821918,1.80551124,2.552899892,189.789764782,4.326730165961641,4.323492372001868,100.16129441106392,normal_or_insufficient_data
GAB,Gabon,2024,20895684425.6752,3.394039,8230.04311451,1.17311998,20.091,92.04680551,64.57829848,27.46850703,214.7126411,215.0273224,34998.36391332,203.94502068,204.2739726,1.700157282,2.294610376,192.439128618,5.279668208666363,5.264180092613522,100.14655927959707,normal_or_insufficient_data
GAB,Gabon,2025,21427119323.2764,2.47287961,8263.03321595,1.76766609,20.154,84.89189051,55.49258775,29.39930276,239.01160314,239.31506849,,214.7126411,215.0273224,2.562285416,2.377591372,205.57427329,11.316968537815635,11.295190685032685,100.12696678571804,normal_or_insufficient_data
GBR,United Kingdom,2021,3194559188925.93,8.54311185,47695.64915235,2.5183711,4.864,58.53838629,29.28940711,29.24897918,936.55770131,808.92133062,2716514.34059118,1098.07133233,950.78171586,0.865213472,2.019311616,1084.485709996,-14.708846890418664,-14.920394752404826,86.37175579129081,production_below_trend
GBR,United Kingdom,2022,3181244350465.41,5.14970389,47034.77956215,7.92204883,3.768,69.19892644,34.06192838,35.13699806,883.10804773,744.9204339,2950579.24706452,936.55770131,808.92133062,1.29050981,3.092170226,1050.452944662,-5.7070326265256135,-7.911881452173642,84.35212835108833,production_below_trend
GBR,United Kingdom,2023,3420796653789.08,0.27165005,49919.68966216,6.79396707,4.025,64.99238417,31.91226976,33.08011441,799.37190598,663.43256491,2977227.01203442,883.10804773,744.9204339,1.03457363,3.99239566,979.307654736,-9.481981504442292,-10.939137293277572,82.99423083885549,production_below_trend
GBR,United Kingdom,2024,3695539513534.15,1.08027717,53341.31310943,3.27157295,4.361,62.83905204,31.05614357,31.78290847,738.80086701,593.88691257,3072346.74898653,799.37190598,663.43256491,0.999369264,4.29908933,891.181970872,-7.5773289650131215,-10.482701033741753,80.38524845991572,production_below_trend
GBR,United Kingdom,2025,4002587541846.01,1.38844208,57601.9621202,3.88306882,4.746,62.45732946,30.59695822,31.86037125,768.51471574,615.77871233,3034116.96402952,738.80086701,593.88691257,3.286637008,4.877805754,825.270647554,4.021902254968227,3.6861899625410026,80.12581928728183,normal_or_insufficient_data
GEO,Georgia,2021,18853115588.8106,10.64423366,5083.60695485,9.56691434,11.785,101.60090755,42.67436121,58.92654634,0.2910527,0.29603836,67406.51612083,0.31283071,0.31739071,4.191284034,5.654567882,0.345204516,-6.961595937943561,-6.72746533759605,101.7129750041831,production_below_trend
GEO,Georgia,2022,24984568959.605,10.95853214,6729.8465993,11.89816542,11.621,114.69543769,52.47887922,62.21655847,0.27095612,0.27587397,69923.85828407,0.2910527,0.29603836,5.351009938,6.827137516,0.316920946,-6.904790781875585,-6.8114111968462465,101.81499867949098,production_below_trend
GEO,Georgia,2023,30777833600.6515,7.83220127,8283.66960652,2.48776057,11.549,107.15117916,49.26705983,57.88411933,0.25209278,0.25712603,73595.99072967,0.27095612,0.27587397,5.70504291,6.801640688,0.292858626,-6.961769307886458,-6.795835069180321,101.9965863361894,production_below_trend
GEO,Georgia,2024,34189423333.141,9.6797938,8967.67525639,1.10971758,11.557,103.45647146,47.81506608,55.64140539,0.23732545,0.23981694,82116.98051442,0.25209278,0.25712603,6.564857816,6.05300456,0.272851552,-5.857894859186368,-6.731753296233758,101.04981998348681,production_below_trend
GEO,Georgia,2025,38143612855.1367,7.46161504,9691.53472415,3.86921322,12.097,100.6279974,47.40564034,53.22235706,0.22346849,0.22346849,,0.23732545,0.23981694,9.315275182,5.786354226,0.254979108,-5.8388006848823,-6.817053874509448,100.0,production_below_trend
GHA,Ghana,2021,79514204730.3979,5.07646644,2445.18662529,9.97108868,3.2,62.70783091,30.05511947,32.65271144,183.39177489,179.88951435,213301.03209485,202.61766238,199.47349954,5.285431092,9.436540998,182.288098686,-9.488751999291525,-9.817838076316932,98.09028483305715,normal_or_insufficient_data
GHA,Ghana,2022,73919003212.1998,3.80484978,2229.89122654,31.2558951,2.87,70.11545579,34.66404355,35.45141224,169.01502553,164.79715463,194115.53775182,183.39177489,179.88951435,4.420622072,13.213335708,185.823938312,-7.839364316433112,-8.389794021365649,97.50444027874236,normal_or_insufficient_data
GHA,Ghana,2023,80547146875.9526,3.140091,2383.90410476,38.10696563,2.829,64.38786153,31.77081649,32.61704504,165.58943851,161.91938559,209770.77300975,169.01502553,164.79715463,3.808624736,19.2729758,184.294630398,-2.0267943688781456,-1.746249227701244,97.78364311575442,production_below_trend
GHA,Ghana,2024,83288585604.0268,5.84746854,2419.25186725,22.84832812,2.82,68.96687176,35.0557832,33.91108856,191.22784215,187.75136612,214743.60574192,165.58943851,161.91938559,3.676563486,22.413913418,182.368348692,15.483115270332709,15.953605824203029,98.18202412843573,normal_or_insufficient_data
GHA,Ghana,2025,114209905278.717,5.95441715,3257.15889036,14.20467555,2.979,,,,186.12079655,182.98082192,,191.22784215,187.75136612,4.764658582,23.277390616,179.068975526,-2.670660057960603,-2.540883882011777,98.3129372492469,normal_or_insufficient_data
GIB,Gibraltar,2021,,,,,,,,,0.0,0.0,195850.16562967,0.0,0.0,,,0.0,,,,normal_or_insufficient_data
GIB,Gibraltar,2022,,,,,,,,,0.0,0.0,217882.43277536,0.0,0.0,,,0.0,,,,normal_or_insufficient_data
GIB,Gibraltar,2023,,,,,,,,,0.0,0.0,210752.62908732,0.0,0.0,,,0.0,,,,normal_or_insufficient_data
GIB,Gibraltar,2024,,,,,,,,,0.0,0.0,210752.62908732,0.0,0.0,,,0.0,,,,normal_or_insufficient_data
GIB,Gibraltar,2025,,,,,,,,,0.0,0.0,,0.0,0.0,,,0.0,,,,normal_or_insufficient_data
GIN,Guinea,2021,17069115737.8259,5.58233281,1244.96550478,12.59728826,5.815,115.19553279,56.21863328,58.97689951,0.0,0.0,65888.19579388,0.0,0.0,6.512467102,10.282179096,0.0,,,,normal_or_insufficient_data
GIN,Guinea,2022,19910452541.9219,3.97240784,1416.59612012,10.493041,5.174,94.16527269,45.41865143,48.74662126,0.0,0.0,66799.31037653,0.0,0.0,5.246947602,10.5979154,0.0,,,,normal_or_insufficient_data
GIN,Guinea,2023,22407615556.0571,5.54172669,1555.49375807,7.80497592,5.141,95.82952676,44.13206305,51.69746371,0.0,0.0,66249.40471559,0.0,0.0,5.083594554,10.193387182,0.0,,,,normal_or_insufficient_data
GIN,Guinea,2024,25008678293.4073,5.35004659,1694.95375862,8.12313915,5.132,97.77781773,41.39300677,56.38481096,0.0,0.0,67837.2366905,0.0,0.0,5.030220978,9.924012934,0.0,,,,normal_or_insufficient_data
GIN,Guinea,2025,28346024753.2924,7.44709668,1877.2541221,3.54630163,5.163,103.67801334,41.41193564,62.2660777,0.0,0.0,,0.0,0.0,5.578722122,8.512949192,0.0,,,,normal_or_insufficient_data
GMB,"Gambia, The",2021,2014158842.14596,5.25596879,781.89092517,7.37034759,6.213,42.0979828,6.61733476,35.48064804,0.0,0.0,7327.56757728,0.0,0.0,4.825402164,6.994491642,0.0,,,,normal_or_insufficient_data
GMB,"Gambia, The",2022,2204734527.88096,5.49299823,836.24487587,11.51311984,6.067,44.72192154,8.56985063,36.1520709,0.0,0.0,7540.32697535,0.0,0.0,4.95947956,7.69027766,0.0,,,,normal_or_insufficient_data
GMB,"Gambia, The",2023,2382262185.38179,5.91679577,883.02411198,16.97421296,6.479,39.96201735,7.05322373,32.90879362,0.0,0.0,8017.36942406,0.0,0.0,4.695860648,9.780926604,0.0,,,,normal_or_insufficient_data
GMB,"Gambia, The",2024,2404888737.54853,5.55126066,871.34028755,11.56105329,6.48,42.17061721,8.74884228,33.42177493,0.0,0.0,8263.42849495,0.0,0.0,4.561702148,10.67000201,0.0,,,,normal_or_insufficient_data
GMB,"Gambia, The",2025,2593673987.53306,5.89309208,919.06042343,,6.521,62.17139353,12.73043161,49.44096192,0.0,0.0,,0.0,0.0,5.622023106,11.85468342,0.0,,,,normal_or_insufficient_data
GNB,Guinea-Bissau,2021,1907611288.23036,5.0173096,926.54619188,2.2424888,3.016,44.82022428,17.54233653,27.27788774,0.0,0.0,5460.56817194,0.0,0.0,4.33228763,1.140307556,0.0,,,,normal_or_insufficient_data
GNB,Guinea-Bissau,2022,1856239954.81555,5.4577609,881.60265416,9.39075934,2.666,45.99347237,14.7515086,31.24196377,0.0,0.0,5552.45298614,0.0,0.0,4.491103922,2.6802365,0.0,,,,normal_or_insufficient_data
GNB,Guinea-Bissau,2023,2076748678.11987,4.63052365,964.43183267,7.10220929,2.632,42.43515152,13.7413098,28.69384172,0.0,0.0,5184.93483044,0.0,0.0,4.664917932,4.024413418,0.0,,,,normal_or_insufficient_data
GNB,Guinea-Bissau,2024,2197777209.94218,4.40920107,998.37609339,3.76555826,2.647,40.37193426,12.69829864,27.67363562,0.0,0.0,5476.078126,0.0,0.0,4.481259004,4.728205016,0.0,,,,normal_or_insufficient_data
GNB,Guinea-Bissau,2025,2527930272.92988,5.81813762,1123.76679992,0.87492969,2.673,40.8792835,13.8662931,27.01299041,0.0,0.0,,0.0,0.0,5.066586568,4.675189076,0.0,,,,normal_or_insufficient_data
GNQ,Equatorial Guinea,2021,12215878032.7166,0.86026996,6945.63069795,-0.09710077,8.821,76.9666486,45.12755105,31.83909755,142.56164384,132.56164384,12403.17330005,157.56284153,147.56284153,-4.263337764,1.600859724,170.930951868,-9.520771232818728,-10.165972364357193,92.98549053543236,production_below_trend
GNQ,Equatorial Guinea,2022,13687643435.6249,3.22350832,7589.29964909,4.78671705,8.334,81.81301614,52.9670852,28.84593093,128.38356164,118.38356164,13520.76231305,142.56164384,132.56164384,-2.4851344,2.409332184,156.051910772,-9.94522917813179,-10.695463475930294,92.21084080215739,production_below_trend
GNQ,Equatorial Guinea,2023,12541814272.8021,-7.42505532,6788.35271638,2.85949506,8.218,60.68866268,37.80458251,22.88408017,97.53792433,88.12642871,13194.73950404,128.38356164,118.38356164,-2.72283665,2.769216374,138.562618926,-24.026157956650376,-25.558559407099793,90.35093715121711,production_below_trend
GNQ,Equatorial Guinea,2024,13254388261.1258,0.39622552,7003.58055685,2.92140227,8.293,74.28949903,44.97661629,29.31288274,95.562668,86.72676986,13567.4063323,97.53792433,88.12642871,-1.54722647,3.04744177,124.321727868,-2.0251162238362963,-1.5882396126659062,90.75381807046242,production_below_trend
GNQ,Equatorial Guinea,2025,12823210425.9217,-5.84678506,6615.25245207,,8.337,74.93217191,46.51997886,28.41219306,84.39071678,76.38650421,,95.562668,86.72676986,-1.758367316,2.6176284025,109.687302918,-11.690706688934219,-11.922807302395707,90.51529258737503,production_below_trend
GRC,Greece,2021,218303801895.326,8.65449786,20652.89659591,1.22382501,14.656,88.01266545,40.26040855,47.7522569,14.51247979,1.54106027,588150.41609622,13.98302077,1.80742077,1.054648764,0.39514498,14.660297372,3.7864423482509064,-14.737049856962749,10.618862470781087,normal_or_insufficient_data
GRC,Greece,2022,217990189600.69,5.52198581,20884.67734363,9.64525981,12.426,108.12184323,49.23162056,58.89022267,14.3393126,1.497,665812.72498302,14.51247979,1.54106027,1.86442098,2.099946038,14.905596878,-1.1932294997531914,-2.859088048516104,10.439830986040432,normal_or_insufficient_data
GRC,Greece,2023,242946187738.269,2.13591132,23343.71039646,3.46480129,11.023,92.47108829,43.83883847,48.63224983,14.56667615,1.497,662694.17040207,14.3393126,1.497,1.878668828,2.667782014,14.683612382,1.5855958813534758,0.0,10.276881181298178,normal_or_insufficient_data
GRC,Greece,2024,256238371778.118,2.08657434,24626.1481859,2.74101876,10.02,89.77652794,42.11167832,47.66484962,14.32128588,1.497,676315.49763128,14.56667615,1.497,1.840547566,3.165384262,14.344555038,-1.6846002991560982,0.0,10.452971978519013,normal_or_insufficient_data
GRC,Greece,2025,280635521324.441,2.07306882,26948.00704328,2.48209745,8.54,83.45162288,39.4617693,43.98985358,14.38460417,1.497,686834.86655465,14.32128588,1.497,4.09440763,3.911400464,14.424871718,0.442127128321804,0.0,10.40695998519089,normal_or_insufficient_data
GRD,Grenada,2021,1122222222.22222,4.69772402,9617.28902905,1.21951194,,,,,0.0,0.0,5099.09548627,0.0,0.0,0.083545912,0.557897934,0.0,,,,normal_or_insufficient_data
GRD,Grenada,2022,1224007407.40741,7.31023807,10469.38670129,2.58053926,,,,,0.0,0.0,5208.26211534,0.0,0.0,0.657858392,0.892314134,0.0,,,,normal_or_insufficient_data
GRD,Grenada,2023,1336418518.51852,4.52657497,11414.47816912,2.6961227,,,,,0.0,0.0,5797.15209004,0.0,0.0,0.690885308,1.270718212,0.0,,,,normal_or_insufficient_data
GRD,Grenada,2024,1351270370.37037,2.39964785,11528.92208119,1.08615365,,,,,0.0,0.0,6026.38487698,0.0,0.0,1.03551253,1.36831899,0.0,,,,normal_or_insufficient_data
GRD,Grenada,2025,1420173228.56948,4.41201,12106.87901051,0.61031198,,,,,0.0,0.0,,0.0,0.0,4.669238982,1.638527906,0.0,,,,normal_or_insufficient_data
GRL,Greenland,2021,3293578467.57327,1.63409411,58135.99399102,,,83.68385723,34.0554689,49.62838833,0.0,0.0,7570.9541917,0.0,0.0,1.07857101,,0.0,,,,normal_or_insufficient_data
GRL,Greenland,2022,3152334771.77992,2.00455581,55635.00064912,,,93.36513288,40.79008715,52.57504573,0.0,0.0,7973.63735897,0.0,0.0,1.468936536,,0.0,,,,normal_or_insufficient_data
GRL,Greenland,2023,3326543974.39193,0.86596199,58498.97079736,,,91.89009944,40.79864217,51.09145727,0.0,0.0,7765.63309762,0.0,0.0,1.517515848,,0.0,,,,normal_or_insufficient_data
GRL,Greenland,2024,,,,,,,,,0.0,0.0,7804.42495653,0.0,0.0,1.1888504175,,0.0,,,,normal_or_insufficient_data
GRL,Greenland,2025,,,,,,,,,0.0,0.0,,0.0,0.0,1.5015373033333332,,0.0,,,,normal_or_insufficient_data
GTM,Guatemala,2021,86455522272.7383,8.04170399,4912.62240415,4.26105127,2.174,49.26114944,17.62965699,31.63149246,11.15616026,7.14120329,242026.39421007,11.82472361,7.81104361,3.352155124,3.870374858,11.902051714,-5.653944836686124,-8.575554733076187,64.01130069459938,normal_or_insufficient_data
GTM,Guatemala,2022,95609727055.5754,4.15492197,5356.92435888,6.88512823,3.051,54.44909646,18.95178533,35.49731113,11.02927009,7.01451652,246661.30732342,11.15616026,7.14120329,3.567169274,4.362493194,12.178264592,-1.1374000287084438,-1.7740255368083773,63.59910005613073,normal_or_insufficient_data
GTM,Guatemala,2023,104298081428.769,3.52430434,5754.4283391,6.20657592,2.344,48.32979785,16.61749087,31.71230698,6.184003,5.77697526,258839.37390675,11.02927009,7.01451652,3.590655486,4.853436004,10.76255295,-43.93098591712881,-17.64257388904118,93.41805396924937,production_below_trend
GTM,Guatemala,2024,113215575150.885,3.71558454,6150.89465281,2.86992753,2.613,47.30529814,15.88346329,31.42183486,6.21667661,5.81727349,258729.93909304,6.184003,5.77697526,3.530192732,4.687424714,9.282166714,0.5283569558423565,0.6975662554594357,93.57529520905865,production_below_trend
GTM,Guatemala,2025,123306008821.471,4.28003208,6598.18032989,1.48841591,2.604,46.52760936,15.55917189,30.96843747,5.77655193,5.38462507,,6.21667661,5.81727349,4.743309384,4.342219772,8.072532378,-7.079742241892167,-7.437305822800503,93.21521099871771,production_below_trend
GUM,Guam,2021,6234000000.0,2.05818326,38074.87937458,,6.0,61.83830606,3.09592557,58.74238049,0.0,0.0,14233.94599112,0.0,0.0,-1.175041254,,0.0,,,,normal_or_insufficient_data
GUM,Guam,2022,6910000000.0,5.09986426,41833.15171328,,5.383,71.86685962,7.88712012,63.97973951,0.0,0.0,20262.90577411,0.0,0.0,-0.333088384,,0.0,,,,normal_or_insufficient_data
GUM,Guam,2023,,,,,5.262,,,,0.0,0.0,19529.45943188,0.0,0.0,-0.209302505,,0.0,,,,normal_or_insufficient_data
GUM,Guam,2024,,,,,5.252,,,,0.0,0.0,19529.45943188,0.0,0.0,-1.1202706833333334,,0.0,,,,normal_or_insufficient_data
GUM,Guam,2025,,,,,5.569,,,,0.0,0.0,,0.0,0.0,3.57902376,,0.0,,,,normal_or_insufficient_data
GUY,Guyana,2021,8041362110.31175,20.05999756,9860.87014834,4.50619859,14.576,,,,116.91307068,116.91307068,42304.27910687,74.61899071,74.61899071,15.41357875,2.107604872,38.561206798,56.68004829276255,56.68004829276255,100.0,normal_or_insufficient_data
GUY,Guyana,2022,14718388489.2086,63.33463437,17913.49280669,6.93346067,11.907,,,,289.59473671,289.59473671,50983.22130331,116.91307068,116.91307068,27.333607314,3.10515377,96.48015414,147.70090720022478,147.70090720022478,100.0,normal_or_insufficient_data
GUY,Guyana,2023,16918503597.1223,33.79501112,20473.70021906,2.82159393,11.917,,,,391.38781315,391.38781315,58824.36474831,289.59473671,289.59473671,33.204426962,3.419215422,174.75771677,35.15018180110626,35.15018180110626,100.0,normal_or_insufficient_data
GUY,Guyana,2024,24662714628.2974,43.81927264,29675.25015828,2.90379501,11.874,,,,617.34972678,617.34972678,58842.37360216,391.38781315,391.38781315,40.897713482,3.57749645,297.972867606,57.733507799181204,57.733507799181204,100.0,normal_or_insufficient_data
GUY,Guyana,2025,27097477218.2254,19.33600971,32413.79307575,3.32982339,11.962,,,,747.43214247,747.43214247,,617.34972678,617.34972678,36.06898508,4.098974318,432.535497958,21.071106059848706,21.071106059848706,100.0,normal_or_insufficient_data
HKG,"Hong Kong SAR, China",2021,368954169748.818,6.45443038,49770.56423747,1.56875834,5.174,402.45968145,204.01426373,198.44541772,0.096,0.0,582077.51070969,0.096,0.0,0.976044782,1.720587132,0.096,0.0,,0.0,normal_or_insufficient_data
HKG,"Hong Kong SAR, China",2022,358673532516.529,-3.68528359,48825.02722758,1.88136707,4.318,384.88590997,194.48809899,190.39781098,0.096,0.0,496952.56595945,0.096,0.0,-0.52023381,1.798086058,0.096,0.0,,0.0,normal_or_insufficient_data
HKG,"Hong Kong SAR, China",2023,380762296025.216,3.15034462,50525.11193127,2.09660511,2.949,353.1946089,176.85419679,176.34041211,0.096,0.0,612249.111736,0.096,0.0,-0.459546732,1.736180216,0.096,0.0,,0.0,normal_or_insufficient_data
HKG,"Hong Kong SAR, China",2024,408368682415.423,2.62936861,54274.75477671,1.72972119,2.988,359.39066304,181.6249383,177.76572474,0.096,0.0,627206.61429231,0.096,0.0,0.400812722,1.505482746,0.096,0.0,,0.0,normal_or_insufficient_data
HKG,"Hong Kong SAR, China",2025,427310315921.993,3.48764886,56983.06630599,1.4363354,2.799,396.64542073,199.75769665,196.88772408,0.096,0.0,,0.096,0.0,2.407301776,1.742557422,0.096,0.0,,0.0,normal_or_insufficient_data
HND,Honduras,2021,28144331506.6149,12.56528438,2735.14751504,4.48087963,8.506,103.37264346,39.36539836,64.0072451,0.02,0.0,148108.10755728,0.02,0.0,2.969549036,4.119374646,0.016,0.0,,0.0,normal_or_insufficient_data
HND,Honduras,2022,31426041806.7985,4.14356194,3003.28996826,9.08963912,8.774,112.69852491,42.43918179,70.25934312,0.02,0.0,152356.9651836,0.02,0.0,2.829678642,5.150430302,0.02,0.0,,0.0,normal_or_insufficient_data
HND,Honduras,2023,34355805527.9795,3.5758476,3227.4576251,6.6632518,6.07,98.79197983,37.36868047,61.42329936,0.02,0.0,173352.80876303,0.02,0.0,2.775849208,5.613610786,0.02,0.0,,0.0,normal_or_insufficient_data
HND,Honduras,2024,36980171442.0603,3.63240745,3415.96027917,4.60621098,4.91,91.66941179,33.92161244,57.74779935,0.02,0.0,173262.532909,0.02,0.0,2.990403828,5.661678662,0.02,0.0,,0.0,normal_or_insufficient_data
HND,Honduras,2025,39601409103.3005,3.75143103,3598.2145044,4.59657982,4.92,91.50733754,34.99174177,56.51559577,0.02,0.0,,0.02,0.0,5.53370648,5.88731227,0.02,0.0,,0.0,normal_or_insufficient_data
HPC,Heavily indebted poor countries (HIPC),2021,924437668151.095,4.35683662,1062.5868927,4.3701219,4.93715177,51.06529639,22.76758013,29.85570936,,,,,,3.562042328,3.655452082,,,,,normal_or_insufficient_data
HPC,Heavily indebted poor countries (HIPC),2022,1002950189402.75,4.89961676,1123.26894975,9.65914754,4.43373073,55.5523209,23.89536381,32.45375497,,,,,,3.529209748,4.671614108,,,,,normal_or_insufficient_data
HPC,Heavily indebted poor countries (HIPC),2023,1060851525652.8,3.48241784,1157.852005,7.12697482,4.19910039,52.02299546,22.54719191,30.92262902,,,,,,3.389121018,5.49351271,,,,,normal_or_insufficient_data
HPC,Heavily indebted poor countries (HIPC),2024,1147966586426.9,5.12099359,1220.8457707,4.60621098,4.15133493,51.58721546,22.63484405,29.78789781,,,,,,3.572588506,5.847725794,,,,,normal_or_insufficient_data
HPC,Heavily indebted poor countries (HIPC),2025,1285481386975.21,5.8257582,1331.89997509,3.40373458,4.14304356,50.20445502,24.1692384,30.08808433,,,,,,4.737124602,5.833237964,,,,,normal_or_insufficient_data
HRV,Croatia,2021,69002262504.9821,12.63127413,17788.76011638,2.554507,7.483,102.32761428,49.78660679,52.54100749,15.5021406,11.34052603,140532.5955243,15.82411093,11.8770082,2.723682236,1.222127166,16.975775786,-2.034681957326243,-4.516980715732772,73.15458118087253,normal_or_insufficient_data
HRV,Croatia,2022,71196460236.6301,7.29479115,18465.53147366,10.78058068,6.811,125.41079378,59.51222398,65.8985698,15.091521,11.03569315,152127.66989515,15.5021406,11.34052603,3.525827928,3.152368882,16.401892588,-2.648792902833045,-2.6879959465160717,73.12512204700904,normal_or_insufficient_data
HRV,Croatia,2023,85621337533.3348,3.76204093,22183.49822585,7.94128178,6.121,107.27780163,52.56737302,54.71042861,14.47516304,10.39590959,167589.84048262,15.091521,11.03569315,3.696021822,4.440600236,15.701509032,-4.084134130681726,-5.797402585446116,71.81894643447139,normal_or_insufficient_data
HRV,Croatia,2024,92981894167.9687,3.8257844,24049.94417463,2.97200478,5.0,104.91240324,50.14143531,54.77096793,13.65968429,9.65131421,179403.92334735,14.47516304,10.39590959,3.840684132,4.880637122,14.910523972,-5.633641208368731,-7.162387990717415,70.65547054455385,normal_or_insufficient_data
HRV,Croatia,2025,105060182186.274,3.40307537,27103.91161093,3.6915346,5.002,100.98628664,47.97203549,53.01425114,12.93037741,8.99687671,,13.65968429,9.65131421,6.183393196,5.587981768,14.331777268,-5.339119591028264,-6.780812288982559,69.579382138081,normal_or_insufficient_data
HTI,Haiti,2021,20754978152.2134,-1.79823989,1824.67987426,16.84152402,15.296,33.41200268,4.35213301,29.05986967,0.0,0.0,53496.5542543,0.0,0.0,-0.529752012,16.300623558,0.0,,,,normal_or_insufficient_data
HTI,Haiti,2022,20113007125.93,-1.68198397,1748.40890117,33.98393195,14.54,29.77460748,3.91430895,25.86029853,0.0,0.0,43446.98899972,0.0,0.0,-1.368203076,20.961392204,0.0,,,,normal_or_insufficient_data
HTI,Haiti,2023,19572288894.1581,-1.8638842,1681.84407667,36.81351628,14.459,25.24789849,3.19960219,22.04829631,0.0,0.0,24839.21158991,0.0,0.0,-2.074542106,25.827813236,0.0,,,,normal_or_insufficient_data
HTI,Haiti,2024,24255657481.2502,-4.18495105,2060.35591769,26.94905641,14.609,18.65476178,2.19043621,16.46432557,0.0,0.0,24848.62078901,0.0,0.0,-2.566912916,27.476868004,0.0,,,,normal_or_insufficient_data
HTI,Haiti,2025,32077278409.2339,-2.71291076,2694.18969101,28.64279767,14.944,15.88547935,1.55997335,14.32550599,0.0,0.0,,0.0,0.0,-2.448393974,28.646165266,0.0,,,,normal_or_insufficient_data
HUN,Hungary,2021,183282685440.486,7.22291581,19030.62813033,5.11096534,4.021,159.18752733,79.41143438,79.77609295,39.30469505,17.73257534,389512.65027606,37.04590437,16.38242077,3.538339478,3.394957258,38.808699062,6.0972750386657655,8.241483898841404,45.115667014951185,normal_or_insufficient_data
HUN,Hungary,2022,177002580544.155,4.15238058,18428.02882561,14.60814395,3.583,184.96995258,89.81013526,95.15981732,39.27881093,17.87309315,386740.93838168,39.30469505,17.73257534,3.543978816,5.846937486,38.976405632,-0.06585503326529435,0.7924275369242559,45.50314209320695,normal_or_insufficient_data
HUN,Hungary,2023,213029511028.874,-0.81710737,22208.65098205,17.12496597,4.096,158.61882561,81.38748935,77.23133626,40.16651315,18.71661918,378179.34441903,39.27881093,17.87309315,2.259329714,8.701881094,39.063523878,2.260002782624968,4.71953020621951,46.59757024490437,normal_or_insufficient_data
HUN,Hungary,2024,222848211034.367,0.7090706,23305.44825144,3.7037037,4.5,147.92666654,76.19791201,71.72875453,42.79989814,21.22893169,373959.01457265,40.16651315,18.71661918,1.385706844,8.774904564,39.719164328,6.556170260947831,13.42289697641858,49.600425731293576,normal_or_insufficient_data
HUN,Hungary,2025,246490213513.054,0.50954231,25907.47432594,4.41198446,4.521,140.7793039,72.63043211,68.1488718,46.42128371,23.41982466,371460.03236987,42.79989814,21.22893169,2.355360386,8.991952684,41.594240196,8.461201375186263,10.320316641425869,50.450618311864865,normal_or_insufficient_data
IBD,IBRD only,2021,35868904968937.8,7.62447663,7312.40590534,4.27166382,6.31312954,50.70744219,25.54816403,24.20843186,,,,,,4.069787094,3.14578922,,,,,normal_or_insufficient_data
IBD,IBRD only,2022,37847494888632.6,3.76945566,7679.78639338,9.10437983,5.56994264,53.75144462,27.29781541,25.48185441,,,,,,3.7913195,4.30188629,,,,,normal_or_insufficient_data
IBD,IBRD only,2023,39083500948084.9,4.63911789,7892.13359236,5.87451912,5.11483631,49.75802931,25.48770689,24.42157063,,,,,,3.746827174,4.835349974,,,,,normal_or_insufficient_data
IBD,IBRD only,2024,40766443406773.0,4.42566148,8186.57476057,3.54713145,5.02160062,49.76653501,25.85789335,24.57698806,,,,,,3.834352816,5.042565032,,,,,normal_or_insufficient_data
IBD,IBRD only,2025,43056359078690.0,4.30532306,8599.35834896,3.6825637,4.97728646,49.29647634,26.13456314,24.52728947,,,,,,4.952806944,5.296051584,,,,,normal_or_insufficient_data
IBT,IDA & IBRD total,2021,38735463663158.6,7.35158119,5754.1799014,4.25936418,6.14426629,50.5268193,24.99563931,24.24580715,,,,,,3.98218759,3.252559886,,,,,normal_or_insufficient_data
IBT,IDA & IBRD total,2022,40927482641799.6,3.82710632,6024.32591288,9.08963912,5.38688118,53.61260394,26.71565108,25.62845592,,,,,,3.732946918,4.402912538,,,,,normal_or_insufficient_data
IBT,IDA & IBRD total,2023,42011330091982.8,4.52590057,6126.38809068,6.09114153,4.95229979,49.6848537,25.13163633,24.64516425,,,,,,3.673206484,5.003804276,,,,,normal_or_insufficient_data
IBT,IDA & IBRD total,2024,43660232631553.3,4.42022565,6304.39699972,3.62770737,4.8749259,49.63741811,25.59748322,24.88739747,,,,,,3.760299766,5.193209192,,,,,normal_or_insufficient_data
IBT,IDA & IBRD total,2025,46251403468584.1,4.3357058,6613.20946974,3.5107454,4.84350017,49.06570962,25.85536921,24.82016264,,,,,,4.892103906,5.31571952,,,,,normal_or_insufficient_data
IDA,IDA total,2021,2866558694220.81,3.99322003,1569.4303181,4.17270582,5.59743167,47.23025064,18.64357886,24.40962294,,,,,,2.910063168,3.41796205,,,,,normal_or_insufficient_data
IDA,IDA total,2022,3079987753167.07,4.56135207,1651.01916315,8.68072151,4.80930057,51.05808089,20.36444551,27.49551937,,,,,,3.020927414,4.38397202,,,,,normal_or_insufficient_data
IDA,IDA total,2023,2927829143897.98,3.09487184,1536.73358898,7.10220929,4.43654578,48.33446018,21.38948102,27.500896,,,,,,2.765088696,5.235257126,,,,,normal_or_insufficient_data
IDA,IDA total,2024,2893789224780.35,4.35048943,1487.28032113,3.89084238,4.41260437,47.24687195,23.05273568,29.10494426,,,,,,2.846250356,5.464530546,,,,,normal_or_insufficient_data
IDA,IDA total,2025,3195044389894.02,4.72576659,1608.08422318,3.36462189,4.429406,,23.66633706,28.90983642,,,,,,4.145139992,5.442220178,,,,,normal_or_insufficient_data
IDB,IDA blend,2021,1373195862361.12,4.36009455,2148.31628647,3.46677877,5.81378124,,,17.17951168,,,,,,2.185245316,2.239733836,,,,,normal_or_insufficient_data
IDB,IDA blend,2022,1461048245644.69,4.82256296,2241.22931754,6.64110132,4.74456535,,,20.36663246,,,,,,2.584830482,3.338423422,,,,,normal_or_insufficient_data
IDB,IDA blend,2023,1277421993702.09,2.87508782,1922.68195677,4.5645772,4.36958258,,,21.27665947,,,,,,2.380179766,3.755277176,,,,,normal_or_insufficient_data
IDB,IDA blend,2024,1123047633991.39,4.11563152,1658.96290903,3.45053028,4.43949809,,,25.36690548,,,,,,2.589569024,4.045387278,,,,,normal_or_insufficient_data
IDB,IDA blend,2025,1270032242274.1,4.57673954,1841.20446421,2.40069559,4.42715826,,,25.2379107,,,,,,4.150023278,4.104736632,,,,,normal_or_insufficient_data
IDN,Indonesia,2021,1186509691086.73,3.70288563,4287.17313995,1.56007883,3.827,40.20475827,21.41655564,18.78820264,863.66484928,658.62930137,2960606.00706642,894.69069836,708.2568306,3.380147784,2.70352897,895.662963228,-3.4677737386642655,-7.006996203334604,76.25982485209057,normal_or_insufficient_data
IDN,Indonesia,2022,1319101183380.15,5.30719723,4730.83484836,4.20946464,3.462,45.4646702,24.50291169,20.96175851,835.15858793,610.53150685,3208231.93085477,863.66484928,658.62930137,3.42763005,2.783662182,883.951352868,-3.3006161329553283,-7.302711012090239,73.10366146904455,normal_or_insufficient_data
IDN,Indonesia,2023,1371166925749.88,5.04883118,4876.29929598,3.66938655,3.308,41.46047654,21.80856322,19.65191332,863.23572159,608.29965753,3247537.89948687,835.15858793,610.53150685,3.402537978,2.87786998,874.705467322,3.3618924675840516,-0.3655584183550314,70.46738710135494,normal_or_insufficient_data
IDN,Indonesia,2024,1396301788461.69,5.03257477,4925.43644993,2.18151274,3.301,42.80993787,22.30964877,20.5002891,841.70106688,581.98087432,3350982.17148692,863.23572159,608.29965753,3.405195396,2.708055606,859.690184808,-2.4946436032947252,-4.326614832707187,69.14341649551123,normal_or_insufficient_data
IDN,Indonesia,2025,1445642584163.81,5.10808904,5059.62596411,1.91333443,3.237,43.39120705,22.8465483,20.54465875,852.6888677,581.66849315,,841.70106688,581.98087432,4.83991557,2.706755438,851.289818676,1.3054279306938925,-0.05367550443388598,68.21579537199345,normal_or_insufficient_data
IDX,IDA only,2021,1493362831859.7,3.64269214,1257.78054041,4.3701219,5.47582119,52.21206881,21.11319152,30.85084448,,,,,,3.642481982,3.747245672,,,,,normal_or_insufficient_data
IDX,IDA only,2022,1618939507522.38,4.3100523,1333.98547159,9.57337119,4.84575036,54.7122722,22.54806946,33.86892318,,,,,,3.458676726,4.79907764,,,,,normal_or_insufficient_data
IDX,IDA only,2023,1650407150195.89,3.30735549,1330.08005698,7.12142372,4.47548995,51.77085704,22.2709549,32.11476886,,,,,,3.149245982,5.619866022,,,,,normal_or_insufficient_data
IDX,IDA only,2024,1770741590788.96,4.57659622,1395.67575971,4.25632835,4.39673694,50.92080986,21.82462568,31.28408254,,,,,,3.100305128,5.852609686,,,,,normal_or_insufficient_data
IDX,IDA only,2025,1925012147619.92,4.86860827,1484.11159863,3.55071913,4.43073241,47.97623414,22.84463424,31.21628951,,,,,,4.141060884,5.774392858,,,,,normal_or_insufficient_data
IMN,Isle of Man,2021,7931193222.06405,3.83783632,94299.96934897,,,,,,,,,,,0.061410562,,,,,,normal_or_insufficient_data
IMN,Isle of Man,2022,7431257410.92713,-4.16847722,88328.54812589,,,,,,,,,,,-1.339836496,,,,,,normal_or_insufficient_data
IMN,Isle of Man,2023,7576129932.79381,-2.03524497,90015.20742344,,,,,,,,,,,-2.189564998,,,,,,normal_or_insufficient_data
IMN,Isle of Man,2024,,,,,,,,,,,,,,-2.80067571,,,,,,normal_or_insufficient_data
IMN,Isle of Man,2025,,,,,,,,,,,,,,-0.7886286233333333,,,,,,normal_or_insufficient_data
IND,India,2021,3167270623260.47,9.68959249,2239.61384367,5.13140747,6.38,45.42308878,21.39915833,24.02393045,902.22510918,589.58616329,9475725.85841358,905.03412213,627.41855519,4.206507896,4.550269966,951.21839231,-0.31037646883290776,-6.029849067588269,65.34801096655951,normal_or_insufficient_data
IND,India,2022,3249938492013.47,7.60936498,2279.98145719,6.69903414,4.822,50.69793828,24.04017164,26.65776664,918.17858996,594.39811068,10290470.6472551,902.22510918,589.58616329,4.369304208,5.22444212,933.63873325,1.7682372855372586,0.8161567705640245,64.73665550248722,normal_or_insufficient_data
IND,India,2023,3500906030644.76,7.21022463,2434.44826341,5.64914319,4.172,46.32295206,22.35480197,23.96815009,927.33180524,592.26660504,11322187.571852,918.17858996,594.39811068,4.520578866,5.566505464,921.96801237,0.9968883374201478,-0.358598993116167,63.8678196621022,normal_or_insufficient_data
IND,India,2024,3760813470500.86,7.09927893,2591.99166071,4.95303551,4.173,45.91669077,22.06398164,23.85270913,938.64224738,589.97419283,11246829.0522925,927.33180524,592.26660504,5.166147264,5.811211418,918.282374778,1.2196758566986472,-0.3870574823048105,62.85399943128223,normal_or_insufficient_data
IND,India,2025,3956067115771.63,7.56666179,2702.47987142,2.39884954,4.219,46.26820069,22.26304107,24.00515962,990.27810337,580.60035006,,938.64224738,589.97419283,7.835024564,4.96629397,935.331171026,5.501122087156145,-1.5888564082837868,58.63003009802681,normal_or_insufficient_data
IRL,Ireland,2021,530394123829.763,16.25818812,103783.44628448,2.34034113,6.357,231.03235086,136.39767022,94.63468064,0.77615484,0.0,320447.63598321,0.7611,0.0,9.23645604,0.757060838,0.652450968,1.9780370516357904,,0.0,normal_or_insufficient_data
IRL,Ireland,2022,548341794599.09,7.51113888,105190.68595273,7.82945736,4.465,237.75541956,139.50598054,98.24943902,0.77374271,0.0,339306.2174962,0.77615484,0.0,8.716912294,2.250517702,0.72439951,-0.31077948312478476,,0.0,normal_or_insufficient_data
IRL,Ireland,2023,567372737459.116,-2.53637409,106818.9171308,6.29942487,4.243,239.64962759,136.52636667,103.12326091,0.77800203,0.0,338390.73189434,0.77374271,0.0,6.671905602,3.416176534,0.771879916,0.5504827308809151,,0.0,normal_or_insufficient_data
IRL,Ireland,2024,609157459747.205,2.59946722,112894.95324081,2.11345,4.3,246.16987486,143.98460166,102.1852732,0.66967689,0.0,341272.24974932,0.77800203,0.0,6.197223038,3.651297942,0.751735294,-13.923503515794168,,0.0,production_below_trend
IRL,Ireland,2025,721701359046.313,12.33759903,131592.46254788,2.21044788,4.632,239.95891234,140.06666528,99.89224707,0.64974842,0.0,339910.36423519,0.66967689,0.0,7.234003832,4.158624248,0.729464978,-2.9758336143270525,,0.0,production_below_trend
IRN,"Iran, Islamic Rep.",2021,407350685583.335,4.13089685,4605.14881319,43.38901627,9.282,42.67237954,22.01920784,20.6531717,3483.96860927,2952.46575342,4105841.80913884,3005.47359781,2510.45081967,1.098032928,27.98990872,3910.102731554,15.920785722711562,17.60699434088508,84.74432707471017,production_below_trend
IRN,"Iran, Islamic Rep.",2022,422662261525.665,4.35281088,4721.204371,43.48846417,9.085,48.91835082,25.56661852,23.3517323,3682.84041336,3136.53424658,4198737.91442432,3483.96860927,2952.46575342,1.363224166,35.078616678,3656.790665458,5.708197357486233,6.23439892390906,85.16617323959515,normal_or_insufficient_data
IRN,"Iran, Islamic Rep.",2023,457510482317.483,5.33235116,5049.29931643,44.57918576,8.129,49.3935501,23.92164755,25.47190254,4119.43351556,3524.80821918,4115119.8025529,3682.84041336,3136.53424658,3.17928643,40.391630162,3538.407241172,11.854792855432988,12.379076460694296,85.56536246709723,normal_or_insufficient_data
IRN,"Iran, Islamic Rep.",2024,475252089215.416,3.66312058,5190.16959025,32.4558714,8.146,52.06213068,23.5514721,28.51065858,4626.73312454,3946.52459016,4136821.02060349,4119.43351556,3524.80821918,4.384197624,38.901335328,3783.689852108,12.314790542530146,11.964235917439694,85.29829760933903,normal_or_insufficient_data
IRN,"Iran, Islamic Rep.",2025,362682115433.364,-2.82597163,3924.38017822,42.1712245,8.301,60.2426224,25.75437526,34.48824714,4768.7564698,4051.42465753,,4626.73312454,3946.52459016,2.930641568,41.21675242,4136.346426506,3.069624753299776,2.6580365831635966,84.95767572085549,normal_or_insufficient_data
IRQ,Iraq,2021,209691945713.103,1.50218071,4868.49431081,6.04186489,16.173,61.50326831,37.32165283,24.18161548,4215.30721956,4112.82191781,2075791.33446083,4216.36574317,4112.80874317,-0.841344234,1.393712516,4506.917729532,-0.025105118352568907,0.0003203319391371814,97.56873469923036,normal_or_insufficient_data
IRQ,Iraq,2022,287372232137.931,7.95904805,6520.73154561,4.99476596,15.41,68.75879409,44.52594621,24.23284788,4612.16583244,4503.50684932,2282899.91141406,4215.30721956,4112.82191781,1.114415446,2.355853928,4517.572909718,9.414701994637172,9.499193967484796,97.64407900609862,normal_or_insufficient_data
IRQ,Iraq,2023,268881051643.549,0.51770553,5965.31835078,4.35835351,15.239,69.4613208,39.63123224,29.83008856,4498.5328512,4389.16438356,2302923.28891301,4612.16583244,4503.50684932,0.691186354,3.154036332,4473.127301876,-2.463766164710606,-2.5389650684613696,97.56879695541568,normal_or_insufficient_data
IRQ,Iraq,2024,279641257615.385,-1.54525198,6073.61032343,2.61169612,15.293,77.13893931,39.76351735,37.37542196,4568.09243789,4458.70491803,2326685.85398733,4498.5328512,4389.16438356,-0.720622158,3.716168632,4422.092816852,1.5462727291508993,1.584368421708473,97.60540047410849,normal_or_insufficient_data
IRQ,Iraq,2025,254367293538.462,-2.15574219,5409.67899717,0.30345472,15.485,,,,4500.34284619,4388.06849315,,4568.09243789,4458.70491803,1.255588024,3.66202704,4478.888237456,-1.483104657385031,-1.5842363686002674,97.50520445047755,normal_or_insufficient_data
ISL,Iceland,2021,26234872402.457,5.18057191,70425.40642773,4.4442397,6.029,76.23172499,37.36495192,38.86677306,0.0,0.0,34332.04504245,0.0,0.0,1.563748696,2.949893756,0.0,,,,normal_or_insufficient_data
ISL,Iceland,2022,29176227825.4736,8.85729898,76376.95993349,8.30875512,3.789,93.01642951,46.72540105,46.29102847,0.0,0.0,42444.82658273,0.0,0.0,2.638195084,4.259561662,0.0,,,,normal_or_insufficient_data
ISL,Iceland,2023,31701996433.7807,5.03225974,82201.29085181,8.736303,3.518,87.23888109,43.9745926,43.2642885,0.0,0.0,44372.79306532,0.0,0.0,2.71249296,5.470238726,0.0,,,,normal_or_insufficient_data
ISL,Iceland,2024,33186621855.0053,-1.28287644,85863.14793303,5.8568385,3.6,86.18157928,42.45725274,43.72432654,0.0,0.0,45744.79520672,0.0,0.0,2.228275218,6.038812068,0.0,,,,normal_or_insufficient_data
ISL,Iceland,2025,38582528789.0033,1.27946208,98323.48495174,4.09085056,3.625,82.48773038,40.11379888,42.3739315,0.0,0.0,45838.46526071,0.0,0.0,3.813343254,6.287397376,0.0,,,,normal_or_insufficient_data
ISR,Israel,2021,489735019666.026,9.3353469,52258.46934994,1.47965475,4.812,54.81840366,28.81858604,25.99981762,8.80041389,3.0,445279.74925301,8.3036,3.0,3.901941994,0.555382858,7.079402778,5.9831144322944265,0.0,34.08930577014032,normal_or_insufficient_data
ISR,Israel,2022,525157951212.871,6.36407235,54947.20912507,4.41162725,3.695,60.63584283,31.36530233,29.2705405,9.71981274,4.0,492611.17805752,8.80041389,3.0,4.305967426,1.38774674,7.929225326,10.447222840788458,33.333333333333336,41.15305620589559,normal_or_insufficient_data
ISR,Israel,2023,513393395491.904,2.06272505,52126.448928,4.22522603,3.371,57.97778233,30.3284744,27.64930793,18.85446084,13.0,487866.76568692,9.71981274,4.0,3.90781253,2.07177987,10.457757494,93.97967167009433,225.0,68.94920045881301,normal_or_insufficient_data
ISR,Israel,2024,542284494490.778,0.95361847,54216.52181428,3.0748089,3.595,54.38225638,28.39900701,25.98324937,23.67408086,18.0,471056.63347983,18.85446084,13.0,3.382738698,2.523212462,13.870473666,25.56222668417603,38.46153846153846,76.03251888191785,normal_or_insufficient_data
ISR,Israel,2025,610777842873.595,2.93114966,60336.84779642,3.04141322,3.489,52.98921637,27.55836366,25.43085271,25.21480786,19.52054795,470067.18405435,23.67408086,18.0,4.329382486,3.24654603,17.252715238,6.5080752621878135,8.447488611111112,77.417000591017,normal_or_insufficient_data
ITA,Italy,2021,2179207773596.09,8.93106211,36852.5425415,1.87378326,9.497,60.30197762,31.17160886,29.13036876,146.77639123,96.75933425,2505402.80406167,152.21901585,100.62109836,0.584470016,0.942268688,138.8761258,-3.5755221445941308,-3.837926809528021,65.92295493788045,normal_or_insufficient_data
ITA,Italy,2022,2104067630319.46,4.8211767,35653.90421035,8.20128991,8.069,72.0165023,35.09914004,36.91736226,131.33638087,83.15077534,2723719.30739208,146.77639123,96.75933425,1.227965366,2.337220036,139.39853485,-10.5194099886305,-14.064337064204222,63.311303988423965,sharp_production_decline
ITA,Italy,2023,2316882296366.32,0.92279654,39279.69978216,5.62219442,7.627,65.10284194,33.32936957,31.77347237,149.14444567,81.05530685,2672630.84923912,131.33638087,83.15077534,1.247195332,3.234161392,140.598517682,13.559125569043099,-2.5200829233783066,54.34684911387488,normal_or_insufficient_data
ITA,Italy,2024,2383435562458.12,0.78303914,40429.62240474,0.98237302,6.5,62.59261449,32.33506864,30.25754585,124.0669391,84.87483333,2706655.05592294,149.14444567,81.05530685,1.317970654,3.308386608,140.708634544,-16.814241024762662,4.712247264782269,68.41051608566686,production_below_trend
ITA,Italy,2025,2551556954100.35,0.53958364,43308.64030607,1.53166828,6.391,62.52322636,32.22701973,30.29620663,137.15099191,83.70368493,2618857.96465399,124.0669391,84.87483333,3.199531626,3.642261778,137.695029756,10.545962449717598,-1.3798535491038708,61.0303168532148,normal_or_insufficient_data
JAM,Jamaica,2021,15963885376.3537,5.70467978,5625.67806271,5.86278243,5.188,,,,2.23455596,0.0,81770.18365566,-0.7,0.0,0.803714062,4.62193954,-0.131288808,-419.22228,,0.0,sharp_production_decline
JAM,Jamaica,2022,18813516805.214,6.43930324,6626.47502389,10.34956884,4.083,,,,2.24506582,0.0,90367.52783246,2.23455596,0.0,1.632967968,5.816173578,0.461924356,0.4703332647798178,,0.0,normal_or_insufficient_data
JAM,Jamaica,2023,21418797832.8216,2.74634434,7542.39855849,6.47413735,3.022,,,,2.22729415,0.0,95258.05987779,2.24506582,0.0,1.679067918,6.363673284,1.053383186,-0.7915879276982624,,0.0,normal_or_insufficient_data
JAM,Jamaica,2024,22014429050.9995,-0.53503906,7753.81195277,5.41194448,3.151,,,,2.25808844,0.0,95185.71754663,2.22729415,0.0,1.210173812,6.665042178,1.653000874,1.3825874772759583,,0.0,normal_or_insufficient_data
JAM,Jamaica,2025,22704903217.5631,0.08164549,8002.92104076,4.00459048,3.286,,,,2.2848862,0.0,,2.25808844,0.0,2.887386758,6.420604716,2.249978114,1.1867453694594885,,0.0,normal_or_insufficient_data
JOR,Jordan,2021,50702940985.9155,3.75201277,4581.7196723,1.34609377,19.837,,,,0.33663216,0.02,192420.25290671,0.3095,0.02,1.763461128,2.045421546,0.322546432,8.766449111470113,0.0,5.941203003301883,normal_or_insufficient_data
JOR,Jordan,2022,53516930140.8451,2.74686155,4754.41362207,4.22915569,18.2,,,,0.33221921,0.02,208480.40805032,0.33663216,0.02,1.811292642,2.226473788,0.325310274,-1.3109115896710521,0.0,6.020121473409079,normal_or_insufficient_data
JOR,Jordan,2023,56123472112.6761,3.12900102,4906.23543007,2.08486986,16.62,,,,0.33956901,0.02,207355.65520808,0.33221921,0.02,2.066326014,1.750985544,0.328824076,2.212334440263102,0.0,5.889818979653061,normal_or_insufficient_data
JOR,Jordan,2024,58618380563.3803,2.55605892,5073.92103606,1.55659611,16.693,,,,0.33002028,0.02,209602.12549688,0.33956901,0.02,2.206271784,1.910001956,0.329588132,-2.8120145592791284,0.0,6.060233631702876,normal_or_insufficient_data
JOR,Jordan,2025,61610052535.2113,2.8266084,5347.77731385,1.76646491,16.535,,,,0.32346536,0.02,,0.33002028,0.02,3.002108532,2.196636068,0.332381204,-1.9862173318560907,0.0,6.1830422892887205,normal_or_insufficient_data
JPN,Japan,2021,5225933520753.1,3.56419531,41580.73904071,-0.23335278,2.808,35.42539273,17.46198538,17.96340735,103.57303043,4.03965205,7210572.0075845,95.94632732,4.3443306,0.286002686,0.33674439,100.36757566,7.948926574920825,-7.013245032502821,3.9002933806500963,normal_or_insufficient_data
JPN,Japan,2022,4447976207314.78,1.33164751,35548.26452224,2.49770278,2.614,44.86063102,20.64786735,24.21276367,100.94939904,3.24316986,7078364.8923079,103.57303043,4.03965205,0.227642064,0.739444986,99.976864784,-2.5331221642425397,-19.716603809974178,3.2126688131297665,normal_or_insufficient_data
JPN,Japan,2023,4384854269961.93,0.7207853,35215.00353537,3.26813366,2.6,43.59508338,21.05931013,22.53577325,102.58796595,3.07573425,6985789.81393137,100.94939904,3.24316986,0.204970354,1.195252798,100.862830028,1.6231566760994163,-5.162714789166177,2.9981433217021496,normal_or_insufficient_data
JPN,Japan,2024,4190008188358.57,-0.24008424,33797.10142879,2.73853682,2.5,44.85293886,21.97990937,22.87302949,102.25186469,3.17170765,6707979.28889563,102.58796595,3.07573425,0.21865289,1.64920493,101.061717486,-0.32762250122379,3.120341102291266,3.1018580048547375,normal_or_insufficient_data
JPN,Japan,2025,4435162999976.94,1.19311288,35951.04495493,3.17253034,2.451,,,,102.90864348,3.10663014,6536559.87059,102.25186469,3.17170765,1.313931352,2.288710164,102.454180718,0.6423147313657073,-2.051813003635439,3.0188233319815985,normal_or_insufficient_data
KAZ,Kazakhstan,2021,197112255360.612,4.3,9983.60103577,8.04147134,5.568,58.66860858,33.64486212,25.02374645,1863.56324803,1760.588687,741465.28369068,1859.55578627,1756.80047686,2.899999998,6.739902514,1906.737726172,0.215506401560471,0.21563121082314482,94.4743189618675,normal_or_insufficient_data
KAZ,Kazakhstan,2022,225496328925.494,3.2,11255.33964379,15.02786444,4.86,68.33431474,41.5690089,26.76530584,1829.31709972,1726.51431231,816733.92831742,1863.56324803,1760.588687,2.719999998,8.25694276,1896.756118914,-1.837670298885863,-1.9353966625823265,94.38026422943648,normal_or_insufficient_data
KAZ,Kazakhstan,2023,261840101059.923,5.1,12879.4275258,14.52755978,4.835,62.33428377,34.65057745,27.68370632,1957.42298713,1854.43215722,849309.70621621,1829.31709972,1726.51431231,2.92,9.92972222,1895.14735097,7.002934998508909,7.40902313974169,94.73844791916915,normal_or_insufficient_data
KAZ,Kazakhstan,2024,291480274648.826,5.0,14154.63249581,8.69082156,4.833,57.1613432,31.58716369,25.57417951,1902.98982668,1800.03273509,860723.50089047,1957.42298713,1854.43215722,3.02,10.601174334,1882.569789566,-2.780858343234777,-2.93348138502682,94.58971928559275,normal_or_insufficient_data
KAZ,Kazakhstan,2025,306239209650.024,6.5,14692.13317572,11.38794547,4.771,,,,2149.55038264,2046.61015902,,1902.98982668,1800.03273509,4.82,11.535132518,1940.56870884,12.95648313528587,13.698496650821816,95.21108114276565,normal_or_insufficient_data
KEN,Kenya,2021,109703658904.994,7.59048947,2061.3562209,6.10793604,5.693,35.00204778,13.1097382,21.89230958,-0.03160024,0.0,244905.35676679,-0.0289,0.0,4.383557316,5.889638446,-0.030180048,9.343391003460207,,0.0,production_below_trend
KEN,Kenya,2022,114448978152.637,4.85998104,2109.56288513,7.65986268,5.565,40.27532384,15.95702836,24.31829547,-0.031168,0.0,240747.29724714,-0.03160024,0.0,4.58796189,5.820481046,-0.030453648,-1.3678377126249675,,0.0,production_below_trend
KEN,Kenya,2023,107500884685.013,5.71999241,1942.58802756,7.67139634,5.409,40.93376774,16.7133443,24.22042344,-0.03190485,0.0,237569.91214251,-0.031168,0.0,4.60237109,6.41679902,-0.030814618,2.364123459958932,,0.0,production_below_trend
KEN,Kenya,2024,120397537849.826,4.66019595,2133.46193404,4.48978854,5.487,40.00625297,16.85495489,23.15129808,-0.01579338,0.0,244638.46983831,-0.03190485,0.0,4.511578508,6.266829136,-0.027873294,-50.49849787728198,,0.0,sharp_production_decline
KEN,Kenya,2025,135941278878.815,4.63261094,2362.86091199,4.06912879,5.449,37.52104459,15.76406778,21.75697681,0.0,0.0,,-0.01579338,0.0,5.492653962,5.999622478,-0.022093294,-100.0,,,sharp_production_decline
KGZ,Kyrgyz Republic,2021,9249133946.26531,5.50700763,1349.99730651,11.90503982,5.149,100.26137686,35.80558988,64.45578698,5.27672855,5.3,65664.07027911,4.7787,4.8,2.291300614,4.816411334,4.43776571,10.421841714273757,10.416666666666666,100.44102041216428,normal_or_insufficient_data
KGZ,Kyrgyz Republic,2022,12134931017.9465,8.9675052,1739.72018344,13.92290932,4.767,133.78671805,46.33727183,87.44944622,5.90302843,5.926,65259.55131466,5.27672855,5.3,3.13681421,6.965931226,4.922751396,11.869094156833214,11.81132075471698,100.38914889657748,normal_or_insufficient_data
KGZ,Kyrgyz Republic,2023,15180842369.4894,9.01329283,2138.22210211,10.75327704,3.498,132.37340391,36.88822325,95.48518066,6.176488,6.2,62824.64066519,5.90302843,5.926,4.187890748,8.808054344,5.362488996,4.6325301197981865,4.623692203847452,100.3806694030653,normal_or_insufficient_data
KGZ,Kyrgyz Republic,2024,18161630698.9052,11.53971194,2514.81066933,4.99760701,3.491,130.10074351,46.77104721,83.3296963,5.93395718,5.94560109,62824.64066519,6.176488,6.2,5.575708004,9.58085123,5.613780432,-3.9266783971732804,-4.103208225806451,100.19622504252719,normal_or_insufficient_data
KGZ,Kyrgyz Republic,2025,22623752095.4613,11.09602034,3080.96893823,8.21496013,3.526,92.40744764,26.8114573,65.59599034,5.54340274,5.54340274,,5.93395718,5.94560109,9.224707588,9.958758664,5.76672098,-6.5816861860132265,-6.764637316090105,100.0,normal_or_insufficient_data
KHM,Cambodia,2021,36790163687.4421,3.08984284,2167.40324198,2.92073478,0.396,146.17984651,72.36103464,73.81881187,0.0,0.0,141375.70120669,0.0,0.0,4.864466794,2.63506513,0.0,,,,normal_or_insufficient_data
KHM,Cambodia,2022,39994532959.6074,5.12990111,2325.03050041,5.34370265,0.245,145.87363276,72.20706068,73.66657208,0.0,0.0,141637.43946261,0.0,0.0,4.275439184,3.121278546,0.0,,,,normal_or_insufficient_data
KHM,Cambodia,2023,42335646895.7984,5.00733044,2429.74853453,2.12746797,0.256,134.2068424,66.89266606,67.31417634,0.0,0.0,149337.0155133,0.0,0.0,3.52166052,3.05495511,0.0,,,,normal_or_insufficient_data
KHM,Cambodia,2024,46352647037.2406,6.01581457,2627.87969756,0.80804202,0.254,143.4470097,71.36358417,72.08342554,0.0,0.0,153099.18537031,0.0,0.0,3.137433406,2.828048512,0.0,,,,normal_or_insufficient_data
KHM,Cambodia,2025,51267065842.9641,5.34932085,2872.4292664,2.35127106,0.263,136.08974867,68.64652137,67.44322731,0.0,0.0,,0.0,0.0,4.918441962,2.710243696,0.0,,,,normal_or_insufficient_data
KIR,Kiribati,2021,285451584.406531,8.44155844,2223.54147866,2.05361677,,74.45051002,3.76768859,70.68282142,0.0,0.0,1099.03058056,0.0,0.0,3.521484938,0.742666748,0.0,,,,normal_or_insufficient_data
KIR,Kiribati,2022,271214374.500577,5.08982036,2078.76487519,5.34595441,,107.21977167,7.57185988,99.64791179,0.0,0.0,1112.7568572,0.0,0.0,3.797048666,1.740753452,0.0,,,,normal_or_insufficient_data
KIR,Kiribati,2023,291657337.839517,3.13390313,2200.68918614,9.28307375,,106.47977248,5.85831694,100.62145554,0.0,0.0,1133.61531141,0.0,0.0,3.738897786,3.484562104,0.0,,,,normal_or_insufficient_data
KIR,Kiribati,2024,343153235.077124,4.6961326,2550.98377226,2.45545072,,102.11042616,4.51592635,97.59449981,0.0,0.0,1269.82829726,0.0,0.0,4.01587265,4.338268238,0.0,,,,normal_or_insufficient_data
KIR,Kiribati,2025,349227254.158833,4.22163588,2558.66636011,,,,,,0.0,0.0,,0.0,0.0,5.116610082,4.7845239125,0.0,,,,normal_or_insufficient_data
KNA,St. Kitts and Nevis,2021,858622222.222222,0.36760688,18361.14496979,1.19568887,,,,,0.0,0.0,3717.200237,0.0,0.0,-1.954313812,-0.128664728,0.0,,,,normal_or_insufficient_data
KNA,St. Kitts and Nevis,2022,981429629.62963,10.48049415,21011.57442098,2.66817533,,,,,0.0,0.0,4038.1682237,0.0,0.0,0.097596788,0.265986996,0.0,,,,normal_or_insufficient_data
KNA,St. Kitts and Nevis,2023,1055651851.85185,3.02127526,22576.92484392,3.55711231,,,,,0.0,0.0,4090.30383279,0.0,0.0,0.30114674,1.184833886,0.0,,,,normal_or_insufficient_data
KNA,St. Kitts and Nevis,2024,1122388888.88889,0.31222686,23960.65343571,,,,,,0.0,0.0,4174.94368396,0.0,0.0,-0.224057204,1.5634328725,0.0,,,,normal_or_insufficient_data
KNA,St. Kitts and Nevis,2025,1183514814.81481,2.68858457,25223.02576222,,,,,,0.0,0.0,,0.0,0.0,3.374037544,2.4736588366666665,0.0,,,,normal_or_insufficient_data
KOR,"Korea, Rep.",2021,1942313560965.9,4.61296795,37518.46353057,2.49833333,3.639,75.30630476,39.33881927,35.96748549,108.15162683,0.0,5534360.71968194,99.00579071,0.0,2.567167036,1.367758662,97.192125426,9.237677972583711,,0.0,normal_or_insufficient_data
KOR,"Korea, Rep.",2022,1799363116866.52,2.72756457,34822.4048405,5.08951365,2.857,90.58514753,45.29486098,45.29028654,108.23879301,0.0,5423074.19403038,108.15162683,0.0,2.426041598,1.99679493,101.176548412,0.08059627261734459,,0.0,normal_or_insufficient_data
KOR,"Korea, Rep.",2023,1844800934391.54,1.58301467,35674.09599563,3.59745625,2.675,82.25800907,41.32148074,40.93652833,108.94824736,0.0,5236097.0978074,108.23879301,0.0,2.107421396,2.42111831,104.248850486,0.6554529390719044,,0.0,normal_or_insufficient_data
KOR,"Korea, Rep.",2024,1875388209406.8,2.00361102,36238.63990832,2.32174329,2.784,84.64249512,44.35823836,40.28425676,113.24635424,0.0,5441225.73988565,108.94824736,0.0,2.045383178,2.808866908,107.51816243,3.945090429768617,,0.0,normal_or_insufficient_data
KOR,"Korea, Rep.",2025,1872374961553.15,1.0070184,36226.96636375,2.12309421,2.683,86.36160064,45.76303852,40.59856212,110.65965536,0.0,5260638.95217036,113.24635424,0.0,2.386835322,3.126028146,109.84893536,-2.2841343523678277,,0.0,normal_or_insufficient_data
KWT,Kuwait,2021,148350671489.144,1.67213054,34018.63425929,3.42362948,2.97,82.00037518,51.72569266,30.27468252,2696.00928192,2506.21917808,854105.48369541,2715.62678142,2525.35519126,-0.570052114,1.86643464,2890.492552394,-0.7223930635174403,-0.7577553148257249,92.96033195757997,normal_or_insufficient_data
KWT,Kuwait,2022,183502046693.878,6.75866712,39981.76910358,3.98064962,2.133,90.9188102,60.44859453,30.47021567,3010.0184911,2795.1076,908245.13669412,2696.00928192,2506.21917808,1.72412585,2.228197966,2891.495617738,11.647185760294343,11.526861834219773,92.86014714741962,normal_or_insufficient_data
KWT,Kuwait,2023,165462656226.772,-1.640878,34091.9714813,3.64216403,2.08,96.03435097,57.70206232,38.33228865,2897.08583804,2679.34246575,897675.94588157,3010.0184911,2795.1076,0.84728416,2.848004142,2863.183166168,-3.7518923353434013,-4.1417058237758,92.48405520364862,normal_or_insufficient_data
KWT,Kuwait,2024,160903106639.233,-1.47401818,32855.72096888,2.89855072,2.151,93.99091627,55.75597683,38.23493944,2770.60226124,2549.18032787,907100.20485364,2897.08583804,2679.34246575,0.09971711,3.20934468,2817.868530744,-4.3658898586716175,-4.8579880901325945,92.00816600536155,normal_or_insufficient_data
KWT,Kuwait,2025,157209026926.418,2.7318258,32312.31199536,2.36195937,2.181,,,,2804.97435008,2583.54794521,,2770.60226124,2549.18032787,1.609545456,3.261390644,2835.738044476,1.2405998984717699,1.3481830596392645,92.10593833545448,normal_or_insufficient_data
LAC,Latin America & Caribbean (excluding high income),2021,4694652116377.4,6.85451332,7694.61136918,4.27166382,9.08714668,50.73222154,25.6009175,26.99116028,,,,,,0.596133452,3.21367507,,,,,normal_or_insufficient_data
LAC,Latin America & Caribbean (excluding high income),2022,5425723261080.83,3.97595959,8838.67169512,8.81109209,6.83824312,53.63562421,26.40208902,28.4604196,,,,,,1.073832854,4.303300458,,,,,normal_or_insufficient_data
LAC,Latin America & Caribbean (excluding high income),2023,6114807611697.98,2.12680995,9891.46327955,5.08677483,6.06496996,46.68852142,23.58184736,24.18852117,,,,,,1.268735334,4.640155066,,,,,normal_or_insufficient_data
LAC,Latin America & Caribbean (excluding high income),2024,6266421572816.08,1.99001516,10065.50290566,3.83540272,5.7278348,47.68102224,24.11291782,24.72707924,,,,,,1.63017956,4.906313692,,,,,normal_or_insufficient_data
LAC,Latin America & Caribbean (excluding high income),2025,6523496128943.99,2.21490071,10407.4817976,3.17026888,5.28646122,47.54584016,24.56407115,25.2903293,,,,,,3.432439746,5.035040468,,,,,normal_or_insufficient_data
LAO,Lao PDR,2021,18827148530.9347,2.528351,2526.05105019,3.75562037,2.08,,,,0.0,0.0,51106.48347857,0.0,0.0,4.32592176,3.009624618,0.0,,,,normal_or_insufficient_data
LAO,Lao PDR,2022,15468785203.7532,2.70742653,2046.40440256,22.95622251,1.209,,,,0.0,0.0,51862.38879474,0.0,0.0,3.488900892,7.435773398,0.0,,,,normal_or_insufficient_data
LAO,Lao PDR,2023,15843155731.2552,3.7456814,2066.94979777,31.23013417,1.186,,,,0.0,0.0,49793.32931273,0.0,0.0,2.98844517,13.273721698,0.0,,,,normal_or_insufficient_data
LAO,Lao PDR,2024,16502933121.3379,4.13019264,2123.97909415,23.13056959,1.174,,,,0.0,0.0,51084.04349564,0.0,0.0,2.72293668,17.235323854,0.0,,,,normal_or_insufficient_data
LAO,Lao PDR,2025,18302970218.5902,4.53760565,2324.76353099,7.74226937,1.187,,,,0.0,0.0,,0.0,0.0,3.529851444,17.762963202,0.0,,,,normal_or_insufficient_data
LBN,Lebanon,2021,23131941556.7843,-7.00123863,4045.37391066,154.75609602,12.715,78.8286204,26.02562769,52.80299271,0.0,0.0,286637.17311858,0.0,0.0,-7.25954807,50.604831964,0.0,,,,normal_or_insufficient_data
LBN,Lebanon,2022,20992421948.8081,-0.62167897,3654.35845535,171.20549134,11.105,114.88827827,34.82877925,80.05949902,0.0,0.0,226500.27668738,0.0,0.0,-7.564489556,83.981659796,0.0,,,,normal_or_insufficient_data
LBN,Lebanon,2023,20078620356.9931,-0.76058447,3477.72489843,221.34164402,10.985,104.20641007,30.55141197,73.6549981,0.0,0.0,240902.03173849,0.0,0.0,-7.339665298,127.034590784,0.0,,,,normal_or_insufficient_data
LBN,Lebanon,2024,25971643441.3408,-7.07989193,4473.27134441,45.24304227,,82.23236046,23.31654953,58.91581093,0.0,0.0,243579.36573638,0.0,0.0,-7.372658738,135.48212134,0.0,,,,normal_or_insufficient_data
LBN,Lebanon,2025,,,,14.59759587,,,,,0.0,0.0,,0.0,0.0,-3.8658485,121.428773904,0.0,,,,normal_or_insufficient_data
LBR,Liberia,2021,3513049500.0,4.98671283,667.96610514,7.81559386,3.844,,,,0.0,0.0,9143.86310846,0.0,0.0,0.62993099,17.544148264,0.0,,,,normal_or_insufficient_data
LBR,Liberia,2022,4001047000.0,4.80810517,744.61717524,7.59298487,2.956,,,,0.0,0.0,10723.00740531,0.0,0.0,1.10052084,16.57881876,0.0,,,,normal_or_insufficient_data
LBR,Liberia,2023,4390000000.0,4.68375689,799.19447023,10.09445357,2.905,,,,0.0,0.0,9949.76752148,0.0,0.0,1.805757194,13.885006494,0.0,,,,normal_or_insufficient_data
LBR,Liberia,2024,4779300900.0,4.02185465,851.49772387,8.21497439,2.914,,,,0.0,0.0,10401.8640186,0.0,0.0,3.103587652,10.134746168,0.0,,,,normal_or_insufficient_data
LBR,Liberia,2025,5245938900.0,5.01656108,915.32897265,8.31564329,2.884,,,,0.0,0.0,,0.0,0.0,4.703398124,8.406729996,0.0,,,,normal_or_insufficient_data
LBY,Libya,2021,35217995647.2862,28.29968234,4935.8278735,2.86833028,19.779,164.28406997,92.05460755,72.22946242,1251.73704382,1237.80821918,424091.85420403,417.09477049,408.07377049,5.616294552,8.22540207,964.056872452,200.10854424030973,203.32952242769372,98.88724035860658,normal_or_insufficient_data
LBY,Libya,2022,43246297921.8499,-8.29981811,5986.63694851,4.51030149,19.238,156.32168468,91.98092351,64.34076117,1076.83458158,1057.89041096,436058.41374059,1251.73704382,1237.80821918,-2.542029508,3.966738672,996.847706576,-13.972779914401176,-14.53519256312489,98.24075387770293,sharp_production_decline
LBY,Libya,2023,44027664915.187,10.20004979,6026.51518709,2.37317531,18.713,161.07023261,85.60100321,75.4692294,1244.34945271,1225.43013699,458406.77561972,1076.83458158,1057.89041096,-2.09029312,1.807332964,1036.530216296,15.55623064075557,15.837153290572255,98.47958178638672,normal_or_insufficient_data
LBY,Libya,2024,48487151215.345,1.89995052,6569.16408679,2.12615767,19.085,137.51113069,71.72931797,65.78181272,1182.22784824,1163.27322404,469232.07596523,1244.34945271,1225.43013699,0.528913562,2.665000264,1034.448739368,-4.992295720041406,-5.072252678775699,98.39670295127813,normal_or_insufficient_data
LBY,Libya,2025,48098909613.6316,13.37170805,6448.82415074,1.84166667,18.758,137.6585732,71.71347463,65.94509857,1382.02152956,1363.04109589,,1182.22784824,1163.27322404,9.094314518,2.743926284,1227.434091182,16.899761041616113,17.172910690423564,98.62661809067166,normal_or_insufficient_data
LCA,St. Lucia,2021,1871111111.11111,11.14669932,10481.12339718,2.41070312,20.514,,,,0.0,0.0,8935.51067868,0.0,0.0,-1.303315448,0.64677267,0.0,,,,normal_or_insufficient_data
LCA,St. Lucia,2022,2319888888.88889,19.34567954,12976.14896935,9.65268564,15.934,,,,0.0,0.0,9093.25207921,0.0,0.0,1.889855226,2.556457382,0.0,,,,normal_or_insufficient_data
LCA,St. Lucia,2023,2441259259.25926,3.90774803,13616.63975937,3.81914546,12.094,,,,0.0,0.0,9314.05416805,0.0,0.0,2.094049028,2.933162688,0.0,,,,normal_or_insufficient_data
LCA,St. Lucia,2024,2605148148.14815,4.76890218,14493.65847065,-0.67424085,10.199,,,,0.0,0.0,9489.65587056,0.0,0.0,3.253703042,2.690497006,0.0,,,,normal_or_insufficient_data
LCA,St. Lucia,2025,2656444444.44444,-0.57407528,14745.81843055,2.02709512,9.452,,,,0.0,0.0,,0.0,0.0,7.718990758,3.447077698,0.0,,,,normal_or_insufficient_data
LCN,Latin America & Caribbean,2021,5383564425117.23,7.0760814,8292.15210222,3.87805442,9.14468412,52.59952097,27.1752107,28.19179373,,,,,,0.662090824,2.425145584,,,,,normal_or_insufficient_data
LCN,Latin America & Caribbean,2022,6147092422711.93,4.09058657,9412.05924553,8.08552555,6.93153208,56.00217221,28.07884864,29.98797334,,,,,,1.169502594,3.603848672,,,,,normal_or_insufficient_data
LCN,Latin America & Caribbean,2023,6909980461601.21,2.20678468,10507.61387824,4.63202285,6.19254755,48.73498612,25.20181585,25.55625195,,,,,,1.366275958,4.054349776,,,,,normal_or_insufficient_data
LCN,Latin America & Caribbean,2024,7088767706234.51,2.25497169,10705.10678028,3.46497038,5.8694329,49.65198918,25.76581644,25.88493838,,,,,,1.753797304,4.310892674,,,,,normal_or_insufficient_data
LCN,Latin America & Caribbean,2025,7395989651242.09,2.32153205,11095.21765483,2.30758627,5.45907691,49.14457393,26.14627143,26.43091309,,,,,,3.589991278,4.473631894,,,,,normal_or_insufficient_data
LDC,Least developed countries: UN classification,2021,1302642870995.53,2.75579291,1175.42321388,4.15649125,5.73711717,50.83033932,20.87215326,28.6428228,,,,,,3.310931406,3.969206042,,,,,normal_or_insufficient_data
LDC,Least developed countries: UN classification,2022,1471699265269.38,4.71510989,1298.29338219,9.45801281,5.05335919,51.03790812,22.2638943,31.21284426,,,,,,3.353438336,4.946301294,,,,,normal_or_insufficient_data
LDC,Least developed countries: UN classification,2023,1459140154701.04,3.05090811,1258.1569031,7.12697482,4.70150733,48.48067534,21.44785867,29.4890619,,,,,,3.033079614,5.679401288,,,,,normal_or_insufficient_data
LDC,Least developed countries: UN classification,2024,1542009429614.64,3.87232969,1299.44368873,4.68509654,4.63280465,47.11820535,20.58321887,28.58818872,,,,,,2.842625724,5.951908834,,,,,normal_or_insufficient_data
LDC,Least developed countries: UN classification,2025,1653686211542.1,4.30000841,1361.99182021,3.36462189,4.66754019,43.66565715,21.65845518,28.50543307,,,,,,3.738829802,5.758239462,,,,,normal_or_insufficient_data
LIE,Liechtenstein,2021,7912602342.18895,,201944.83033508,,,,,,,,,,,,,,,,,normal_or_insufficient_data
LIE,Liechtenstein,2022,7426856242.7736,,188055.00323535,,,,,,,,,,,,,,,,,normal_or_insufficient_data
LIE,Liechtenstein,2023,8239379403.22096,,206780.59035339,,,,,,,,,,,,,,,,,normal_or_insufficient_data
LIE,Liechtenstein,2024,8905764270.4054,,220167.22547356,,,,,,,,,,,,,,,,,normal_or_insufficient_data
LIE,Liechtenstein,2025,,,,,,,,,,,,,,,,,,,,normal_or_insufficient_data
LKA,Sri Lanka,2021,88556699052.2008,4.2074765,3996.96240532,7.01478071,4.981,41.22884633,16.92142159,24.30742474,-0.26585119,0.0,236072.87229211,-0.243,0.0,1.62664862,5.307258958,-0.254170238,9.403781893004115,,0.0,production_below_trend
LKA,Sri Lanka,2022,74143020303.663,-7.34919311,3342.63650438,49.72110211,4.528,46.68260802,21.55956246,25.12304556,-0.26207001,0.0,197924.07836861,-0.26585119,0.0,-1.135326256,13.710651844,-0.25638424,-1.4222919220335255,,0.0,production_below_trend
LKA,Sri Lanka,2023,84080307355.5983,-2.02892967,3815.41531767,16.54117423,4.528,43.34766812,20.59952837,22.74813975,-0.26823929,0.0,189338.1076939,-0.26207001,0.0,-2.003129042,16.591879142,-0.259232098,2.3540579862609996,,0.0,production_below_trend
LKA,Sri Lanka,2024,99616111265.7633,4.99241614,4545.36006871,-0.42936005,4.239,42.11960983,19.75597741,22.36363242,-0.23409798,0.0,194118.78626879,-0.26823929,0.0,-0.960549036,15.800328416,-0.254651694,-12.727930349055129,,0.0,production_below_trend
LKA,Sri Lanka,2025,108825231671.196,4.95343391,5002.07904354,-4.76386037,4.005,41.80900265,18.96737961,22.84162304,-0.20231026,0.0,,-0.23409798,0.0,0.955040754,13.616767326,-0.246513746,-13.578810035011836,,0.0,sharp_production_decline
LMY,Low & middle income,2021,35394243111591.4,7.37033959,5422.11312035,4.25936418,6.16482463,48.60999492,23.62582896,23.33802154,,,,,,4.099297902,3.390434386,,,,,normal_or_insufficient_data
LMY,Low & middle income,2022,37082867531465.4,4.00803776,5626.69623782,8.81109209,5.41429545,52.09327103,25.42992667,24.98945416,,,,,,3.848132546,4.419253398,,,,,normal_or_insufficient_data
LMY,Low & middle income,2023,38155314219988.0,4.65212132,5733.5158447,6.15623853,4.97693563,48.51670705,24.05087355,23.86996079,,,,,,3.79422758,5.002387238,,,,,normal_or_insufficient_data
LMY,Low & middle income,2024,39490940514619.9,4.4243989,5874.03080372,3.83540272,4.91415352,48.85722697,24.7174392,24.26891608,,,,,,3.860845386,5.216963744,,,,,normal_or_insufficient_data
LMY,Low & middle income,2025,41478597585191.8,4.53280076,6107.26169429,3.54555215,4.88528914,48.50814508,25.26004533,24.34402646,,,,,,4.997539666,5.321529934,,,,,normal_or_insufficient_data
LSO,Lesotho,2021,2412130056.55851,2.26670962,1066.58645144,6.04774592,18.214,139.18647947,46.14608982,93.04038964,0.0,0.0,10843.49478368,0.0,0.0,-2.385210032,5.082485732,0.0,,,,normal_or_insufficient_data
LSO,Lesotho,2022,2354980960.02697,2.3877802,1030.12582948,8.2718039,16.623,142.37398107,46.50638222,95.86759886,0.0,0.0,14073.50607424,0.0,0.0,-1.280019004,5.847306638,0.0,,,,normal_or_insufficient_data
LSO,Lesotho,2023,2129871529.52517,1.69433178,921.43514156,6.34221743,16.348,140.72248788,42.68297871,98.03950917,0.0,0.0,11748.28958177,0.0,0.0,-0.645026016,6.16538952,0.0,,,,normal_or_insufficient_data
LSO,Lesotho,2024,2391282547.80028,5.2250338,1023.04227682,6.10544624,16.34,152.4743891,49.40564466,103.06874444,0.0,0.0,12050.53386905,0.0,0.0,0.68357951,6.34906205,0.0,,,,normal_or_insufficient_data
LSO,Lesotho,2025,2573572920.05159,1.98256081,1088.96276223,4.27011141,16.315,153.98149355,49.53082236,104.45067118,0.0,0.0,,0.0,0.0,2.711283242,6.20746498,0.0,,,,normal_or_insufficient_data
LTE,Late-demographic dividend,2021,27284909409699.1,7.59396655,11760.08971559,3.49505757,5.50538471,55.46339265,29.22810516,25.73932039,,,,,,4.656003766,2.450734476,,,,,normal_or_insufficient_data
LTE,Late-demographic dividend,2022,28553586772075.8,3.28975241,12287.45660663,9.10437983,5.19342173,57.7448695,31.10219595,26.55112577,,,,,,4.261504588,3.836155296,,,,,normal_or_insufficient_data
LTE,Late-demographic dividend,2023,28909440099233.0,4.43253868,12427.24971376,5.8691036,4.7954569,54.72935434,29.77339705,26.40908718,,,,,,4.059780114,4.515083322,,,,,normal_or_insufficient_data
LTE,Late-demographic dividend,2024,29983452735875.0,4.52553873,12874.64363812,2.90379501,4.59750117,52.18359999,30.72890211,26.78365995,,,,,,4.015441146,4.661855456,,,,,normal_or_insufficient_data
LTE,Late-demographic dividend,2025,31873985161936.8,4.45332356,13677.32316967,3.74577317,4.49833547,50.76137075,31.29106342,26.63873721,,,,,,4.859023986,5.023621836,,,,,normal_or_insufficient_data
LTU,Lithuania,2021,67072165721.2431,6.39481773,23882.86689168,4.68354421,7.112,154.72630391,79.5885699,75.13773401,8.92044643,0.7,143438.06557578,8.5016,0.7,4.12911926,2.92775289,8.735589286,4.926677684200621,0.0,7.847140896960692,normal_or_insufficient_data
LTU,Lithuania,2022,70639687325.6326,2.46532013,24946.57240052,19.70504615,5.955,176.63181707,87.26411491,89.36770217,8.85251954,0.7,144069.83949177,8.92044643,0.7,3.699734666,6.124184396,8.767113194,-0.7614741093176431,0.0,7.907353345418315,normal_or_insufficient_data
LTU,Lithuania,2023,80356613554.5602,0.7395374,27983.36582569,9.11731962,6.841,147.99075178,75.93351317,72.05723861,8.9739229,0.7,149301.05324641,8.85251954,0.7,2.863968586,7.408062762,8.801757774,1.3713989497728913,0.0,7.800379029331754,normal_or_insufficient_data
LTU,Lithuania,2024,85503938573.5664,3.03019544,29603.77725883,0.71573584,6.851,142.41991022,73.94072588,68.47918435,8.88195636,0.7,147892.21018209,8.9739229,0.7,2.534537306,7.084308054,8.826089046,-1.0248198143088572,0.0,7.881146581089484,normal_or_insufficient_data
LTU,Lithuania,2025,95210150818.3512,2.92007656,32958.67063964,3.79170511,6.731,142.1063047,72.98395353,69.12235117,8.89180295,0.7,140111.54287172,8.88195636,0.7,3.109989452,7.602670186,8.904129636,0.11086059873412843,0.0,7.872419170062693,normal_or_insufficient_data
LUX,Luxembourg,2021,86386759695.1653,6.92973271,134965.81544215,2.52692009,5.571,397.50618087,215.61816299,181.88801788,0.0,0.0,124055.87434983,0.0,0.0,2.419484066,1.669838596,0.0,,,,normal_or_insufficient_data
LUX,Luxembourg,2022,80801680397.0139,-1.09741256,123719.658916,6.33600808,4.588,412.17716992,222.30845616,189.86871376,0.0,0.0,113293.36210999,0.0,0.0,1.93657767,2.590880294,0.0,,,,normal_or_insufficient_data
LUX,Luxembourg,2023,88788881539.3937,0.09943706,133230.6191789,3.74140362,5.184,402.5669682,217.37982258,185.18714561,0.0,0.0,109130.30593113,0.0,0.0,1.6342053,3.03352197,0.0,,,,normal_or_insufficient_data
LUX,Luxembourg,2024,93279851863.4062,0.358614,137781.68165912,2.0511327,6.4,351.26792115,191.53297019,159.73495097,0.0,0.0,106662.2855489,0.0,0.0,1.156063916,3.095084358,0.0,,,,normal_or_insufficient_data
LUX,Luxembourg,2025,101157829491.107,0.63787819,147252.17912152,2.25723818,6.343,349.88687918,190.52213568,159.36474349,0.0,0.0,100909.23488085,0.0,0.0,1.38564988,3.382540534,0.0,,,,normal_or_insufficient_data
LVA,Latvia,2021,38183326784.9335,6.94254173,20261.88877889,3.27582937,7.513,136.79661541,66.81127696,69.98533846,1.595,0.0,80387.79936858,1.595,0.0,2.371469716,2.354224166,1.595,0.0,,0.0,normal_or_insufficient_data
LVA,Latvia,2022,38003198508.9107,1.90853419,20221.10368611,17.31028302,6.815,159.89277819,77.50148384,82.39129435,1.595,0.0,75534.52310897,1.595,0.0,2.073386808,5.230208146,1.595,0.0,,0.0,normal_or_insufficient_data
LVA,Latvia,2023,42779550936.838,-0.94160607,22710.26375442,8.93804623,6.465,135.64298915,65.98965515,69.65333401,1.595,0.0,74874.10217055,1.595,0.0,1.023123022,6.510926544,1.595,0.0,,0.0,normal_or_insufficient_data
LVA,Latvia,2024,44001275012.6141,-0.03705566,23578.96635626,1.26579886,6.9,131.3095824,64.86341074,66.44617165,1.595,0.0,71190.48217187,1.595,0.0,0.880637336,6.201804476,1.595,0.0,,0.0,normal_or_insufficient_data
LVA,Latvia,2025,48618869160.3254,2.13786856,26311.97307064,3.74577317,6.568,129.72445387,62.57300031,67.15145357,1.595,0.0,73345.54749924,1.595,0.0,2.00205655,6.90714613,1.595,0.0,,0.0,normal_or_insufficient_data
MAC,"Macao SAR, China",2021,30633941629.3633,22.462202,44884.89616024,0.02645436,2.221,171.31597082,91.89491154,79.42105928,0.0,0.0,20381.88944298,0.0,0.0,-3.624614244,1.56447653,0.0,,,,normal_or_insufficient_data
MAC,"Macao SAR, China",2022,24929307447.3237,-18.95694149,36806.89125546,1.04502802,2.446,170.36804934,84.7916045,85.57644484,0.0,0.0,20662.459714,0.0,0.0,-9.399714232,1.527857326,0.0,,,,normal_or_insufficient_data
MAC,"Macao SAR, China",2023,45626467279.891,75.30841843,67216.36311121,0.4763845,2.206,145.87446725,92.41704358,53.45742368,0.0,0.0,21545.74924037,0.0,0.0,4.390135392,1.02224164,0.0,,,,normal_or_insufficient_data
MAC,"Macao SAR, China",2024,49467258923.3244,7.84960207,72004.74370207,0.6724986,2.262,142.07943455,92.1896066,49.88982795,0.0,0.0,22142.25882844,0.0,0.0,6.452237686,0.606355198,0.0,,,,normal_or_insufficient_data
MAC,"Macao SAR, China",2025,52061007670.169,4.67106706,75901.74612942,0.33331168,2.347,139.14051287,92.28614487,46.854368,0.0,0.0,,0.0,0.0,18.266869614,0.510735432,0.0,,,,normal_or_insufficient_data
MAF,St. Martin (French part),2021,649206262.847519,4.89999967,21668.37765253,,,,,,,,,,,-3.41999945,,,,,,normal_or_insufficient_data
MAF,St. Martin (French part),2022,,,,,,,,,,,,,,-2.2749985025,,,,,,normal_or_insufficient_data
MAF,St. Martin (French part),2023,,,,,,,,,,,,,,-0.3666663133333333,,,,,,normal_or_insufficient_data
MAF,St. Martin (French part),2024,,,,,,,,,,,,,,-3.80000129,,,,,,normal_or_insufficient_data
MAF,St. Martin (French part),2025,,,,,,,,,,,,,,4.89999967,,,,,,normal_or_insufficient_data
MAR,Morocco,2021,142022058447.231,8.1547389,3785.9362793,1.40195884,10.551,75.52341718,33.13608494,42.38733224,0.025,0.025,599533.53639799,0.05,0.05,2.398209142,0.9939787,0.054,-50.0,-50.0,100.0,production_below_trend
MAR,Morocco,2022,131245312804.483,1.81269242,3463.13769531,6.65704203,9.413,100.9063102,44.71162823,56.19468197,0.025,0.025,616474.03014502,0.025,0.025,1.749167994,2.174454456,0.054,0.0,0.0,100.0,production_below_trend
MAR,Morocco,2023,146036093666.762,3.65564411,3813.72607422,6.09114153,8.896,93.11788442,42.41760336,50.70028106,0.025,0.025,613919.85598197,0.025,0.025,1.86716855,3.03189942,0.039,0.0,0.0,100.0,production_below_trend
MAR,Morocco,2024,160610994054.734,3.79336516,4153.19433594,0.98525659,9.103,92.18724461,41.9985233,50.18872131,0.025,0.025,657520.10302788,0.025,0.025,2.04764663,3.16827353,0.03,0.0,0.0,100.0,production_below_trend
MAR,Morocco,2025,182374250612.28,4.59524349,4672.46826172,0.70190215,9.0,93.1016568,41.96921392,51.13244288,0.025,0.025,,0.025,0.025,4.402336816,3.167460228,0.025,0.0,0.0,100.0,normal_or_insufficient_data
MCO,Monaco,2021,8623241326.74405,22.23221559,223823.32719246,,,,,,,,,,,3.72114365,,,,,,normal_or_insufficient_data
MCO,Monaco,2022,8800432773.73544,11.26629552,226052.06066465,,,,,,,,,,,6.615639402,,,,,,normal_or_insufficient_data
MCO,Monaco,2023,10003897341.1766,5.44395089,256799.91121205,,,,,,,,,,,6.564849338,,,,,,normal_or_insufficient_data
MCO,Monaco,2024,11125788838.2812,8.51053759,288001.5748565,,,,,,,,,,,6.842778952,,,,,,normal_or_insufficient_data
MCO,Monaco,2025,,,,,,,,,,,,,,11.8632498975,,,,,,normal_or_insufficient_data
MDA,Moldova,2021,13691869264.0794,13.92999979,5274.60582195,5.10641129,0.794,88.47088654,30.64878771,57.82209883,0.0,0.0,48118.75521401,0.0,0.0,3.491508616,4.665089992,0.0,,,,normal_or_insufficient_data
MDA,Moldova,2022,14525337523.7271,-4.64785101,5744.29618434,28.73729768,0.909,112.11767158,41.22645945,70.89121213,0.0,0.0,50376.87015425,0.0,0.0,1.726816004,9.098503534,0.0,,,,normal_or_insufficient_data
MDA,Moldova,2023,16711906746.2133,1.18802068,6799.58594645,13.41701044,1.57,93.99462115,35.11258579,58.88203536,0.0,0.0,51319.96347979,0.0,0.0,1.149301046,11.172894828,0.0,,,,normal_or_insufficient_data
MDA,Moldova,2024,18206842140.7615,0.27067046,7578.90216349,4.67773516,1.427,88.89243788,31.56779943,57.32463845,0.0,0.0,51122.46757474,0.0,0.0,0.49297232,11.140885158,0.0,,,,normal_or_insufficient_data
MDA,Moldova,2025,20351796275.2943,2.41649735,8621.71721624,7.75904124,1.505,92.66617279,31.75193205,60.91424074,0.0,0.0,,0.0,0.0,2.631467454,11.939499162,0.0,,,,normal_or_insufficient_data
MDG,Madagascar,2021,14354731964.3258,4.65068343,483.46946335,5.81225119,3.498,55.21585859,23.0916321,32.12422649,0.0,0.0,42590.25199572,0.0,0.0,1.81038161,6.565567812,0.0,,,,normal_or_insufficient_data
MDG,Madagascar,2022,15342178598.2475,4.13753535,504.05910697,8.16059032,3.186,70.47085468,30.51029662,39.96055806,0.0,0.0,43154.4958657,0.0,0.0,1.851227162,6.475875726,0.0,,,,normal_or_insufficient_data
MDG,Madagascar,2023,16036707975.7567,4.23086581,514.06407655,9.87432675,3.044,62.76221476,26.72288612,36.03932864,0.0,0.0,42149.3969077,0.0,0.0,2.05852902,6.731895158,0.0,,,,normal_or_insufficient_data
MDG,Madagascar,2024,17592832696.1336,4.32283728,550.37875529,7.61335784,3.051,57.53702133,24.00791795,33.52910338,0.0,0.0,43315.23505972,0.0,0.0,2.04085005,7.132463844,0.0,,,,normal_or_insufficient_data
MDG,Madagascar,2025,19620352035.7899,3.00256887,599.26529426,8.05052432,3.041,54.2413796,21.33326407,32.90811553,0.0,0.0,,0.0,0.0,4.068898148,7.902210084,0.0,,,,normal_or_insufficient_data
MDV,Maldives,2021,5252457369.55218,37.50787012,10176.14388255,0.54314969,5.016,142.6072967,76.09898516,66.50831153,0.0,0.0,23111.67368739,0.0,0.0,5.433097088,0.41550103,0.0,,,,normal_or_insufficient_data
MDV,Maldives,2022,6177123352.26211,13.82608952,11786.0191493,2.33054046,4.303,162.24343293,82.67085556,79.57257737,0.0,0.0,26478.789486,0.0,0.0,6.783429266,0.318114446,0.0,,,,normal_or_insufficient_data
MDV,Maldives,2023,6621008703.95743,4.94286301,12587.61260387,2.90372428,4.019,149.34997618,74.04376927,75.30620691,0.0,0.0,26974.54968058,0.0,0.0,6.058210752,0.92553398,0.0,,,,normal_or_insufficient_data
MDV,Maldives,2024,7061608267.25451,3.49440423,13379.35135772,1.41093528,4.278,156.47395574,78.21421654,78.2597392,0.0,0.0,27680.88003235,0.0,0.0,5.37247962,1.16371509,0.0,,,,normal_or_insufficient_data
MDV,Maldives,2025,7741066860.6337,6.31092335,14614.72081165,4.00578494,4.514,,,,0.0,0.0,,0.0,0.0,13.216430046,2.23882693,0.0,,,,normal_or_insufficient_data
MEA,"Middle East, North Africa, Afghanistan & Pakistan",2021,4315472921456.39,5.03041331,5622.19134192,2.86833028,9.00366612,70.95466011,36.10848244,32.32491294,,,,,,1.506821412,1.933300972,,,,,normal_or_insufficient_data
MEA,"Middle East, North Africa, Afghanistan & Pakistan",2022,5035779695254.83,6.44954467,6436.74030312,5.17222089,8.23898776,78.04067466,42.06532004,33.89398314,,,,,,2.381366468,2.553879294,,,,,normal_or_insufficient_data
MEA,"Middle East, North Africa, Afghanistan & Pakistan",2023,4902253052059.01,2.29073325,6144.70308055,4.22522603,7.79272192,77.29588989,41.11727636,36.7400269,,,,,,2.358951994,3.00976589,,,,,normal_or_insufficient_data
MEA,"Middle East, North Africa, Afghanistan & Pakistan",2024,5103019931842.71,2.32857024,6275.43469598,2.12615767,7.84018774,61.05982789,,38.35616246,,,,,,2.508472284,3.167794288,,,,,normal_or_insufficient_data
MEA,"Middle East, North Africa, Afghanistan & Pakistan",2025,5135569539885.64,2.7449566,6202.19002141,2.08420854,7.7820548,57.22546729,,,,,,,,3.768843614,3.295228682,,,,,normal_or_insufficient_data
MEX,Mexico,2021,1316569466833.94,6.04848347,10314.05067337,5.68920848,4.019,83.06929763,40.5691932,42.50010443,1969.01406639,1779.85205479,3501831.68722241,1946.18633934,1722.80382514,0.229113806,4.73256229,2030.601008544,1.1729466284169607,3.31135958822033,90.39305940831542,normal_or_insufficient_data
MEX,Mexico,2022,1466934724243.38,3.70975708,11405.79404699,7.89627619,3.256,88.79848559,42.93229021,45.86619537,2030.00607919,1843.09322471,3826463.55196578,1969.01406639,1779.85205479,0.596719512,5.10352608,1987.555021916,3.0975915226356436,3.553170037352439,90.79249779613562,normal_or_insufficient_data
MEX,Mexico,2023,1794410347718.25,3.10679641,13830.84384886,5.52796087,2.765,73.73907583,36.14793437,37.59114146,2119.32622821,1935.7854274,3803056.60675947,2030.00607919,1843.09322471,0.823662372,5.229248224,1996.5806829,4.399994164334717,5.0291651798885315,91.33966265471928,normal_or_insufficient_data
MEX,Mexico,2024,1830489311088.89,1.35057631,13988.04237452,4.72225588,2.678,75.42590154,37.28361623,38.14228531,2010.52028103,1841.77786885,3949272.00821325,2119.32622821,1935.7854274,1.172315736,5.446507116,2015.010598832,-5.133987667009547,-4.856300559936739,91.6070276051355,normal_or_insufficient_data
MEX,Mexico,2025,1832641364775.52,0.56168346,13889.23396287,3.80668651,2.673,79.92395258,39.64533979,40.27861279,1869.3807121,1726.04608767,3919816.57354657,2010.52028103,1841.77786885,2.955459346,5.528477586,1999.649473384,-7.020051986627733,-6.283699198332888,92.3325075784599,normal_or_insufficient_data
MHL,Marshall Islands,2021,261245500.0,2.15939339,6315.3117219,,,120.05619236,45.97843791,74.07775445,,,,,,3.776790436,,,,,,normal_or_insufficient_data
MHL,Marshall Islands,2022,258723500.0,-0.70058018,6455.66035382,,,128.33797471,39.9778528,88.36012191,,,,,,2.925044022,,,,,,normal_or_insufficient_data
MHL,Marshall Islands,2023,264000000.0,-5.39477378,6799.39217555,,,118.18181818,38.25757576,79.92424242,,,,,,0.748653368,,,,,,normal_or_insufficient_data
MHL,Marshall Islands,2024,285000000.0,3.30188679,7590.28443592,,,118.24561404,37.19298246,81.05263158,,,,,,-0.68139222,,,,,,normal_or_insufficient_data
MHL,Marshall Islands,2025,308000000.0,2.28310502,8489.05793506,,,115.90909091,36.03896104,79.87012987,,,,,,0.329806248,,,,,,normal_or_insufficient_data
MIC,Middle income,2021,34913762453380.2,7.45086178,5980.00050388,4.14298201,6.19670261,48.58084824,23.69175458,23.21794435,,,,,,4.122326404,3.218960302,,,,,normal_or_insufficient_data
MIC,Middle income,2022,36531426959364.9,4.01198144,6209.9272726,8.32008377,5.42949095,52.13249024,25.52628125,24.86217606,,,,,,3.865481914,4.217342382,,,,,normal_or_insufficient_data
MIC,Middle income,2023,37598001937865.0,4.70121337,6342.84660728,6.08319269,4.96756775,48.54261456,24.13074379,23.74781895,,,,,,3.817110548,4.785867054,,,,,normal_or_insufficient_data
MIC,Middle income,2024,38887384674053.3,4.43845841,6507.45727213,3.60452204,4.91644475,48.86610701,24.80307437,24.14719205,,,,,,3.886145234,4.961485388,,,,,normal_or_insufficient_data
MIC,Middle income,2025,40836798203180.8,4.52178756,6778.79773311,3.45723999,4.88480834,48.5199871,25.30882179,24.20119968,,,,,,5.024860512,5.1216041,,,,,normal_or_insufficient_data
MKD,North Macedonia,2021,14000283827.0154,4.51067949,7620.80296978,3.23074912,15.801,146.72141148,65.44386486,81.27754663,0.0,0.0,48923.93163849,0.0,0.0,1.539003694,1.601438814,0.0,,,,normal_or_insufficient_data
MKD,North Macedonia,2022,13932436550.0883,2.75888415,7606.23752538,14.20471732,14.476,166.14735738,72.78539954,93.36195784,0.0,0.0,53396.18679104,0.0,0.0,1.874425976,4.172058498,0.0,,,,normal_or_insufficient_data
MKD,North Macedonia,2023,15855131188.9092,2.55496525,8674.35846327,9.3618725,13.174,147.79425348,67.39699805,80.39725544,0.0,0.0,51525.83652831,0.0,0.0,1.809299684,5.7527704,0.0,,,,normal_or_insufficient_data
MKD,North Macedonia,2024,16951682221.3962,2.99373537,9291.85660355,3.48974086,12.265,136.32487618,61.67920375,74.64567243,0.0,0.0,51434.4370398,0.0,0.0,1.62596285,6.297430658,0.0,,,,normal_or_insufficient_data
MKD,North Macedonia,2025,19101199817.0174,3.4870662,10489.92553555,4.07249177,12.256,133.04303384,59.64929973,73.39373411,0.0,0.0,,0.0,0.0,3.261066092,6.871914314,0.0,,,,normal_or_insufficient_data
MLI,Mali,2021,22999245262.6719,3.10094124,1027.27345365,3.92560283,4.006,56.71505256,23.43477275,33.28027981,0.0,0.0,105294.69014762,0.0,0.0,3.435045942,0.952965752,0.0,,,,normal_or_insufficient_data
MLI,Mali,2022,22539987718.7642,3.70319028,976.91411641,9.62147608,2.387,61.56132749,26.02565262,35.53567486,0.0,0.0,97330.33728015,0.0,0.0,3.100574458,2.525289482,0.0,,,,normal_or_insufficient_data
MLI,Mali,2023,24777941860.767,4.763941,1042.44223445,2.05880228,2.947,57.62915723,24.7863775,32.84277972,0.0,0.0,99249.29396602,0.0,0.0,3.079792658,2.877140636,0.0,,,,normal_or_insufficient_data
MLI,Mali,2024,26761281076.7658,5.01653579,1093.25233236,3.20639864,2.924,49.76648469,22.32541947,27.44106522,0.0,0.0,101727.5706817,0.0,0.0,3.083099992,3.850073754,0.0,,,,normal_or_insufficient_data
MLI,Mali,2025,30069148580.7688,5.59946843,1193.27601005,3.2782354,2.831,48.77220266,22.07677262,26.69543004,0.0,0.0,,0.0,0.0,4.436815348,4.418103046,0.0,,,,normal_or_insufficient_data
MLT,Malta,2021,19730119030.6198,13.35098189,38078.00642791,1.49789218,3.754,220.07229479,118.78405678,101.28823801,0.0,0.0,105797.30820525,0.0,0.0,6.827862416,1.260135052,0.0,,,,normal_or_insufficient_data
MLT,Malta,2022,18938869147.0818,2.59276777,35658.83182502,6.15375622,3.471,244.58153552,128.29945287,116.28208265,0.0,0.0,117959.16913069,0.0,0.0,4.752147464,2.2180154,0.0,,,,normal_or_insufficient_data
MLT,Malta,2023,22625329775.6867,10.6340558,40932.52387745,5.09396759,3.479,221.13329638,119.7483369,101.38495947,0.0,0.0,124722.15099989,0.0,0.0,5.441115772,3.005244194,0.0,,,,normal_or_insufficient_data
MLT,Malta,2024,25042712191.3281,6.21275997,44023.63410781,1.65079469,3.1,217.73027268,118.48146019,99.24881249,0.0,0.0,109426.65813603,0.0,0.0,5.86665662,3.006991128,0.0,,,,normal_or_insufficient_data
MLT,Malta,2025,27771821560.9411,3.96156139,47906.90000576,2.36351752,2.896,219.01437104,119.10958124,99.90478981,0.0,0.0,,0.0,0.0,7.350425364,3.35198564,0.0,,,,normal_or_insufficient_data
MMR,Myanmar,2021,66345291160.1683,-12.01637248,1242.7213442,,4.34,,,,8.24569655,7.685,275348.31815839,9.3438,8.814,-0.416127828,6.75664406,9.92283931,-11.752214837646354,-12.809167233945995,93.20013116417678,production_below_trend
MMR,Myanmar,2022,62253049891.6449,4.03749344,1158.05005034,,3.063,,,,6.56168185,6.006,248596.01599316,8.24569655,7.685,-0.835850788,7.848697815,8.77459568,-20.422952624905896,-21.84775536759922,91.53141126462874,production_below_trend
MMR,Myanmar,2023,66757619000.0,0.95844663,1233.19666209,,2.977,,,,6.46291785,5.89886301,264152.265911,6.56168185,6.006,-1.897933904,8.82506697,7.98577925,-1.5051628874691632,-1.7838326673326674,91.27244298796093,production_below_trend
MMR,Myanmar,2024,74068349523.8095,-0.97204641,1359.0500156,,2.887,,,,6.25693213,5.72488525,270767.15170028,6.46291785,5.89886301,-3.4081652,,7.374205676,-3.1871938461975033,-2.949343961795105,91.49668129770812,production_below_trend
MMR,Myanmar,2025,81665773809.5238,-2.01184476,1488.87527837,,3.047,,,,6.05877495,5.55530959,,6.25693213,5.72488525,-2.000864716,,6.717200666,-3.1670022286145527,-2.962079632949848,91.69031092663377,normal_or_insufficient_data
MNA,"Middle East, North Africa, Afghanistan & Pakistan (excluding high income)",2021,1944658742702.15,4.33211957,2760.50031199,5.21404941,9.69480749,49.38313625,21.49017647,26.36755415,,,,,,1.721704774,3.859572766,,,,,normal_or_insufficient_data
MNA,"Middle East, North Africa, Afghanistan & Pakistan (excluding high income)",2022,2165681910516.43,4.32063853,3022.5481428,8.30646124,8.93826755,57.64246695,26.54918438,29.15045981,,,,,,1.905338012,4.591134646,,,,,normal_or_insufficient_data
MNA,"Middle East, North Africa, Afghanistan & Pakistan (excluding high income)",2023,2094194824252.19,2.89591827,2872.39008505,6.09114153,8.5920992,56.1774154,26.00882322,29.63532896,,,,,,2.064859534,4.936132824,,,,,normal_or_insufficient_data
MNA,"Middle East, North Africa, Afghanistan & Pakistan (excluding high income)",2024,2197681462518.61,2.2613702,2963.06913717,4.04611455,8.7065733,56.00971752,24.56146241,31.43231009,,,,,,2.238041342,5.214579534,,,,,normal_or_insufficient_data
MNA,"Middle East, North Africa, Afghanistan & Pakistan (excluding high income)",2025,2132889870483.32,1.99549508,2829.12883889,2.69360941,8.69378066,56.50075723,25.21264905,34.95447758,,,,,,3.16110833,5.270275228,,,,,normal_or_insufficient_data
MNE,Montenegro,2021,5822908963.58053,13.04626074,9315.86435643,2.41080198,16.543,105.71924918,43.11936821,62.59988096,0.0,0.0,18245.84049957,0.0,0.0,2.079432776,1.50163395,0.0,,,,normal_or_insufficient_data
MNE,Montenegro,2022,6259721790.0652,7.7395469,10038.18494825,13.04030363,14.851,125.45593775,51.34494166,74.11099609,0.0,0.0,18667.74678448,0.0,0.0,2.984005146,3.633647478,0.0,,,,normal_or_insufficient_data
MNE,Montenegro,2023,7643318276.40347,6.47836284,12258.16004773,8.5847691,13.146,116.80666954,49.22902306,67.57764648,0.0,0.0,19163.59138353,0.0,0.0,3.333093488,4.828356542,0.0,,,,normal_or_insufficient_data
MNE,Montenegro,2024,8274290505.96367,3.16409886,13270.1824401,3.33675009,13.206,109.94410448,43.74708296,66.19702152,0.0,0.0,20363.65411254,0.0,0.0,3.087130128,5.42339382,0.0,,,,normal_or_insufficient_data
MNE,Montenegro,2025,9232801464.79257,2.74455354,14816.83802999,3.89960911,13.572,105.77380143,40.06268824,65.7111132,0.0,0.0,,0.0,0.0,6.634564576,6.254446782,0.0,,,,normal_or_insufficient_data
MNG,Mongolia,2021,15286441737.6686,1.63676958,4517.61578019,7.35894658,7.871,119.09807844,58.54886395,60.54921448,16.70334795,16.70334795,73797.86511651,17.56216667,17.56216667,3.212603766,5.901883626,18.427389498,-4.890163817127696,-4.890163817127696,100.0,normal_or_insufficient_data
MNG,Mongolia,2022,17146471713.748,5.03270964,4993.51487463,15.15097282,5.954,136.32792994,65.06135116,71.26657879,15.8877726,15.8877726,80811.68651467,16.70334795,16.70334795,3.091770416,8.07179198,17.604944018,-4.882705864964035,-4.882705864964035,100.0,normal_or_insufficient_data
MNG,Mongolia,2023,20325121393.9074,7.42211276,5838.63108084,10.34758313,5.178,142.8642466,76.25711713,66.60712947,15.11177534,15.11177534,101625.15313942,15.8877726,15.8877726,3.027216844,8.776459026,16.745527032,-4.884241986192577,-4.884241986192577,100.0,normal_or_insufficient_data
MNG,Mongolia,2024,23794540024.5132,5.12204539,6750.63011577,6.19779902,5.158,138.44837914,68.71656271,69.73181643,14.37451366,14.37451366,104177.40604576,15.11177534,15.11177534,2.931177078,8.555804922,15.927915244,-4.878723137502652,-4.878723137502652,100.0,normal_or_insufficient_data
MNG,Mongolia,2025,25369107325.4549,6.84391416,7108.22743246,8.60536487,5.233,130.70744081,68.06908758,62.63835323,13.67184658,13.67184658,,14.37451366,14.37451366,5.211510306,9.532133284,15.149851226,-4.888284199522615,-4.888284199522615,100.0,normal_or_insufficient_data
MNP,Northern Mariana Islands,2021,914000000.0,4.96987952,19455.50139424,,,78.88402626,6.01750547,72.86652079,,,,,,-6.372809016,,,,,,normal_or_insufficient_data
MNP,Northern Mariana Islands,2022,1096000000.0,16.64275466,23785.75459004,,,93.15693431,22.26277372,70.89416058,,,,,,-7.678404426,,,,,,normal_or_insufficient_data
MNP,Northern Mariana Islands,2023,,,,,,,,,,,,,,-4.723671945,,,,,,normal_or_insufficient_data
MNP,Northern Mariana Islands,2024,,,,,,,,,,,,,,-2.4823982933333335,,,,,,normal_or_insufficient_data
MNP,Northern Mariana Islands,2025,,,,,,,,,,,,,,10.80631709,,,,,,normal_or_insufficient_data
MOZ,Mozambique,2021,16168055475.4449,2.37743573,509.90782948,6.40847653,5.413,112.07896446,40.35049852,71.72846593,0.0,0.0,82535.14135104,0.0,0.0,1.919773314,6.343931414,0.0,,,,normal_or_insufficient_data
MOZ,Mozambique,2022,18884232598.8698,4.36930802,578.27322218,10.27940181,6.789,135.2745351,49.82508522,85.44944988,0.0,0.0,88600.75240278,0.0,0.0,2.265993444,5.377170298,0.0,,,,normal_or_insufficient_data
MOZ,Mozambique,2023,20927498317.3094,5.50384457,622.19113325,7.12697482,6.661,106.02608363,45.60029063,60.425793,0.0,0.0,89992.67703859,0.0,0.0,2.669775954,6.020298382,0.0,,,,normal_or_insufficient_data
MOZ,Mozambique,2024,22752244245.473,2.14892499,656.97614859,4.07856835,6.668,95.63039766,42.82229969,52.80809798,0.0,0.0,92279.26899135,0.0,0.0,2.635998162,6.275471436,0.0,,,,normal_or_insufficient_data
MOZ,Mozambique,2025,22337997046.1913,-0.52348538,626.91441922,4.3684695,6.628,97.10380976,41.38147504,55.72233472,0.0,0.0,,0.0,0.0,2.775205586,6.452378202,0.0,,,,normal_or_insufficient_data
MRT,Mauritania,2021,9221044666.76483,0.7427155,1947.47413907,3.56516485,11.131,88.30687376,39.85602326,48.45085049,0.0,0.0,60961.49643393,0.0,0.0,2.913156466,2.714517766,0.0,,,,normal_or_insufficient_data
MRT,Mauritania,2022,9562497460.55394,6.796005,1961.28166649,9.52526629,10.52,102.02589913,39.73780782,62.2880913,0.0,0.0,70014.03390779,0.0,0.0,3.018248328,4.16871572,0.0,,,,normal_or_insufficient_data
MRT,Mauritania,2023,10687541640.1299,6.80949002,2127.9576286,4.95305035,10.37,92.16544451,38.40709081,53.7583537,0.0,0.0,66346.31159565,0.0,0.0,3.425711604,4.545853798,0.0,,,,normal_or_insufficient_data
MRT,Mauritania,2024,10879212033.4823,6.30760212,2104.54260769,2.49164347,10.257,93.59883559,41.41083121,52.18800438,0.0,0.0,68058.05531206,0.0,0.0,4.05903105,4.584163968,0.0,,,,normal_or_insufficient_data
MRT,Mauritania,2025,11679910946.4371,4.02891977,2197.51046251,1.54796926,10.319,94.02426324,39.85293828,54.17132496,0.0,0.0,,0.0,0.0,4.936946482,4.416618844,0.0,,,,normal_or_insufficient_data
MUS,Mauritius,2021,11622048696.8129,3.33809084,9177.71195973,4.02852888,7.719,135.19300461,60.76735432,74.4256503,0.0,0.0,53311.28644658,0.0,0.0,0.015143084,2.77960714,0.0,,,,normal_or_insufficient_data
MUS,Mauritius,2022,12936444123.3037,8.3424438,10246.50174556,10.77375122,6.322,147.66379503,67.02929485,80.63450018,0.0,0.0,58503.59611743,0.0,0.0,0.892748382,4.200957978,0.0,,,,normal_or_insufficient_data
MUS,Mauritius,2023,14072212290.4596,4.6991819,11269.96844621,7.05298238,5.571,147.32139213,69.04114535,78.28024678,0.0,0.0,60477.932685,0.0,0.0,1.009246024,4.968343688,0.0,,,,normal_or_insufficient_data
MUS,Mauritius,2024,14938055690.3609,4.94844235,11990.93554343,3.60452204,5.548,145.41981265,67.11088996,78.30892269,0.0,0.0,62082.42153354,0.0,0.0,1.426144616,5.608117058,0.0,,,,normal_or_insufficient_data
MUS,Mauritius,2025,16157804491.7614,3.15157395,12991.29359872,3.6735928,5.635,139.94268107,65.03639617,74.9062849,0.0,0.0,,0.0,0.0,4.895946568,5.826675464,0.0,,,,normal_or_insufficient_data
MWI,Malawi,2021,12378119199.0839,4.55829212,617.44699445,9.33014411,5.652,44.59576182,12.71195642,31.8838054,0.0,0.0,19996.14650739,0.0,0.0,3.884455692,10.25801338,0.0,,,,normal_or_insufficient_data
MWI,Malawi,2022,12429059928.102,0.92111507,604.26974036,20.95396973,5.02,43.61662486,11.34238085,32.27424401,0.0,0.0,21236.5545722,0.0,0.0,3.268678706,12.140128542,0.0,,,,normal_or_insufficient_data
MWI,Malawi,2023,13363669672.9405,1.94575282,633.21476798,28.78974282,5.009,42.4376684,11.24503639,31.19263201,0.0,0.0,21855.91455992,0.0,0.0,2.787116326,15.414041484,0.0,,,,normal_or_insufficient_data
MWI,Malawi,2024,11311971400.3864,1.67343409,522.36536615,32.17965042,5.051,41.90381965,11.28556062,30.61825903,0.0,0.0,22503.23964706,0.0,0.0,1.978438106,19.975804356,0.0,,,,normal_or_insufficient_data
MWI,Malawi,2025,14918276698.303,1.88518708,671.5068472,28.37025653,5.072,39.39946947,10.64885957,28.7506099,0.0,0.0,,0.0,0.0,2.196756236,23.924752722,0.0,,,,normal_or_insufficient_data
MYS,Malaysia,2021,373784553029.978,3.31534954,10903.10374808,2.47710241,4.64,134.03599469,70.63305555,63.40293914,610.94834424,511.10424942,1201966.40848121,655.34831428,555.6950651,2.585499954,1.35144049,697.16489289,-6.775018577530047,-8.02433177483332,83.65752264306357,production_below_trend
MYS,Malaysia,2022,407830525989.553,9.03173723,11754.56783362,3.37869863,3.93,146.42460475,76.80779748,69.61680727,599.43126735,502.08219178,1287724.00692291,610.94834424,511.10424942,3.229302918,1.252939984,666.163072088,-1.885114674355468,-1.765208888448533,83.75976014725319,production_below_trend
MYS,Malaysia,2023,399949418752.657,3.5370638,11386.03956365,2.4888656,3.858,132.59346164,68.67895357,63.91450808,595.32001669,499.20821918,1485686.93455812,599.43126735,502.08219178,2.968098282,1.573771272,634.626872784,-0.6858585602608372,-0.5724107819500803,83.85543996246172,normal_or_insufficient_data
MYS,Malaysia,2024,422227005428.688,5.10545921,11874.42736842,1.8341002,3.846,137.36257116,71.34108498,66.02148618,571.72903047,478.34410617,1537899.56074875,595.32001669,499.20821918,3.10655264,1.808012938,606.555394606,-3.9627403007825444,-4.179441004451292,83.66622659982278,normal_or_insufficient_data
MYS,Malaysia,2025,472193128644.597,5.17127083,13124.55541783,1.38060872,3.764,136.39642032,70.9677893,65.42863102,604.17089593,512.67013699,,571.72903047,478.34410617,5.232176122,2.311875112,596.319910936,5.674342867167439,7.176012075248771,84.85515281249143,normal_or_insufficient_data
NAC,North America,2021,25755312987896.8,6.13640924,69532.90419269,4.04652602,5.59210954,28.40765855,12.43497641,15.7177011,,,,,,2.361030138,2.224291826,,,,,normal_or_insufficient_data
NAC,North America,2022,28262944669046.3,2.68881207,75769.69754686,7.40280049,3.83310095,30.34265349,13.38306085,16.65681162,,,,,,2.398223552,3.33215251,,,,,normal_or_insufficient_data
NAC,North America,2023,30016713196347.4,2.85945133,79647.63909811,3.99766999,3.84061065,28.50115673,12.69385926,15.29810534,,,,,,2.380535194,3.660605612,,,,,normal_or_insufficient_data
NAC,North America,2024,31577283688683.4,2.73606792,82808.12049641,2.66555452,4.29029945,28.45727776,12.53278191,15.38246967,,,,,,2.421675616,3.817568606,,,,,normal_or_insufficient_data
NAC,North America,2025,33099237425506.2,2.12972385,86308.07172727,,4.5110867,,,,,,,,,3.310092882,4.528137755,,,,,normal_or_insufficient_data
NAM,Namibia,2021,12402486183.6396,3.60382919,4412.83556931,3.6169053,20.931,83.54430309,31.95641088,51.58789221,0.0,0.0,53702.4589545,0.0,0.0,-1.060806714,3.997214534,0.0,,,,normal_or_insufficient_data
NAM,Namibia,2022,12569449123.3661,5.39872478,4349.79908493,6.08128114,19.615,99.26255478,40.45847183,58.80408295,0.0,0.0,49433.92453653,0.0,0.0,0.22438786,3.9843108,0.0,,,,normal_or_insufficient_data
NAM,Namibia,2023,12522012873.7957,4.32498049,4225.99102418,5.87993463,19.154,109.81759967,43.28461677,66.5329829,0.0,0.0,51707.05292156,0.0,0.0,0.877396058,4.301979516,0.0,,,,normal_or_insufficient_data
NAM,Namibia,2024,13641190683.4641,3.77851723,4501.84849548,4.23903923,19.157,108.00119147,41.06519131,66.93600015,0.0,0.0,53089.00886214,0.0,0.0,1.800929936,4.405308534,0.0,,,,normal_or_insufficient_data
NAM,Namibia,2025,15080340653.5276,1.73018154,4875.92558158,3.5107454,19.291,108.58050117,44.67675985,63.90374132,0.0,0.0,,0.0,0.0,3.767246646,4.66558114,0.0,,,,normal_or_insufficient_data
NCL,New Caledonia,2021,10071349663.8484,-2.1,35311.55435515,,11.574,49.04423431,14.15462102,34.88961329,0.0,0.0,33640.95173704,0.0,0.0,-1.3750000025,,0.0,,,,normal_or_insufficient_data
NCL,New Caledonia,2022,9623318718.31459,3.5,33516.36308591,,10.71,50.47274875,15.38197702,35.09077172,0.0,0.0,35766.39340382,0.0,0.0,-0.400000002,,0.0,,,,normal_or_insufficient_data
NCL,New Caledonia,2023,9769167530.35744,2.8,33701.89233228,,10.922,51.63073472,16.9373546,34.69338012,0.0,0.0,37332.81372709,0.0,0.0,0.079999998,,0.0,,,,normal_or_insufficient_data
NCL,New Caledonia,2024,8548919387.12607,-13.5,29213.19231929,,10.991,40.36895773,11.6947135,28.67424423,0.0,0.0,38368.13792515,0.0,0.0,-2.340000002,,0.0,,,,normal_or_insufficient_data
NCL,New Caledonia,2025,,,,,11.174,,,,0.0,0.0,,0.0,0.0,-2.325,,0.0,,,,normal_or_insufficient_data
NER,Niger,2021,14936154253.3242,1.11520064,609.58570367,3.83786803,0.806,38.04609488,11.06218942,26.98390546,14.41298702,14.0,29857.72191016,14.3776,14.0,4.815080698,2.002049198,15.194657404,0.24612605720008904,0.0,97.13461880298009,normal_or_insufficient_data
NER,Niger,2022,15531799640.9005,12.22154975,613.61473643,4.22621792,0.403,37.14604541,10.14552817,27.00051724,13.40723307,13.0,35807.5827843,14.41298702,14.0,6.152993586,2.288018144,14.598244018,-6.9781090387743925,-7.142857142857143,96.96258677779515,normal_or_insufficient_data
NER,Niger,2023,16949765463.9058,2.6351698,647.93010851,3.70097316,0.407,30.71765351,8.25116487,22.46648864,13.4168196,13.0,40806.71172854,13.40723307,13.0,5.301110704,2.434692044,14.202827938,0.0715026728479182,0.0,96.89330547457014,normal_or_insufficient_data
NER,Niger,2024,19729786046.7618,8.32327058,729.85666417,9.07151998,0.376,24.38894621,8.9978294,15.39111681,30.97709626,30.56830601,41975.48445511,13.4168196,13.0,5.750001762,4.74695457,17.31834719,130.88255774118034,135.14081546153847,98.68034677437517,normal_or_insufficient_data
NER,Niger,2025,21646191388.2507,7.0078296,775.35362214,-4.45470804,0.394,33.90568636,15.76183725,18.1438491,101.79844383,101.4109589,,30.97709626,30.56830601,6.260604074,3.27637421,34.802515956,228.62487489329317,231.7519749600282,99.61936065481798,normal_or_insufficient_data
NGA,Nigeria,2021,609147716965.348,1.10925254,2787.48779221,16.95284572,5.404,,,,1601.04769587,1522.56330411,1008418.40637363,1854.05075922,1774.62998952,-0.064514524,14.038532844,1892.290086066,-13.645962069368506,-14.203900920111169,95.09793543549918,production_below_trend
NGA,Nigeria,2022,646950257575.455,4.31882949,2899.16047469,18.84718778,3.827,,,,1369.9204417,1291.48452055,1063661.50008636,1601.04769587,1522.56330411,0.63807405,14.507517158,1762.43452153,-14.436000549278251,-15.17695736763306,94.27441778643254,production_below_trend
NGA,Nigeria,2023,487387801877.803,3.31590368,2138.76383719,24.6595502,3.074,,,,1517.09657194,1441.67474747,999124.75698578,1369.9204417,1291.48452055,0.916703318,17.020405894,1670.355649768,10.743407117668971,11.629270388470395,95.02854163241871,normal_or_insufficient_data
NGA,Nigeria,2024,252261880140.271,4.0710665,1084.16041805,33.24165906,3.045,,,,1562.74503013,1488.86957165,1012685.75279871,1517.09657194,1441.67474747,1.289230762,21.389453238,1580.972099772,3.008935557189128,3.2736110737059354,95.27271198719765,normal_or_insufficient_data
NGA,Nigeria,2025,290794361542.112,4.01336181,1224.25410238,23.01012358,3.064,,,,1675.08950327,1605.41427817,,1562.74503013,1488.86957165,3.365682804,23.342273268,1545.179848582,7.188918919848007,7.827731101445134,95.84050733026596,normal_or_insufficient_data
NIC,Nicaragua,2021,14209019392.3025,10.45438878,2138.38573878,4.92841397,6.076,106.20739807,46.40424623,59.80315184,-0.00998355,0.0,71464.36643559,0.008,0.0,1.317765614,4.556885248,-0.04079671,-224.794375,,0.0,sharp_production_decline
NIC,Nicaragua,2022,15634573555.9049,3.55027477,2322.89069619,10.46742445,4.969,115.45467093,49.89577137,65.55889956,-0.00706766,0.0,73713.75606394,-0.00998355,0.0,1.101579052,5.880235806,-0.002610242,-29.206945425224493,,0.0,production_below_trend
NIC,Nicaragua,2023,17805842220.7571,4.42779393,2609.44491148,8.38765855,4.698,105.01953558,45.86580953,59.15372605,-0.01194216,0.0,76731.64837533,-0.00706766,0.0,2.65980917,6.56832006,-0.004798674,68.96907887476195,,0.0,production_below_trend
NIC,Nicaragua,2024,19696311850.3289,3.58094495,2847.87639497,4.62473841,4.98,99.14606509,40.98635156,58.15971353,-0.00535999,0.0,76733.71733986,-0.01194216,0.0,3.955372134,6.41800976,-0.005270672,-55.117080997072556,,0.0,production_below_trend
NIC,Nicaragua,2025,22237167113.0916,4.92352557,3173.33724815,2.08132127,5.04,96.44969473,41.59347238,54.85622235,-0.00117563,0.0,,-0.00535999,0.0,5.3873856,6.09791133,-0.007105798,-78.06656355702157,,0.0,sharp_production_decline
NLD,Netherlands,2021,1054472123449.6,6.27683594,60141.98809115,2.67572009,4.209,163.15484269,86.4500028,76.70483989,91.85766304,32.72331751,1871793.1045196,90.77545185,32.72544857,1.949848068,1.933367246,77.292018164,1.1921848560867285,-0.00651193518537002,35.62393863182697,normal_or_insufficient_data
NLD,Netherlands,2022,1046540797548.64,5.00723453,59123.31855649,10.00120788,3.526,184.10748425,96.44362158,87.66386267,88.15173709,29.45098576,1844513.94932349,91.85766304,32.72331751,2.394993304,3.65731708,81.563862674,-4.034422199905338,-9.999999996944075,33.409421903883214,normal_or_insufficient_data
NLD,Netherlands,2023,1135475867551.0,-0.59806102,63515.603078,3.83839354,3.535,165.03042948,87.48606129,77.54436819,85.46983646,26.50588719,1848094.45951374,88.15173709,29.45098576,1.823634784,4.084296198,85.543399204,-3.0423684416585783,-9.999999979627168,31.01197836315598,normal_or_insufficient_data
NLD,Netherlands,2024,1213936238063.28,1.07383137,67465.32081269,3.34754304,3.7,153.95629057,82.49768399,71.45860658,82.1507259,23.85685201,1869306.71103194,85.46983646,26.50588719,1.578368736,4.227064986,87.681082868,-3.883370669082008,-9.994138890772213,29.040342308162124,normal_or_insufficient_data
NLD,Netherlands,2025,1332767651100.39,1.78463215,73683.91713279,3.25957665,3.874,150.11997036,80.66934134,69.45062902,79.23303406,21.46976862,1784184.31181772,82.1507259,23.85685201,2.708894594,4.62448824,85.37259931,-3.551632451247762,-10.005860743904577,27.096991645860495,normal_or_insufficient_data
NOR,Norway,2021,521592200232.829,4.14314689,96442.5552173,3.48388055,4.359,69.10605723,41.78468052,27.32137672,2030.8475376,1775.81347945,470555.74111406,2007.16707596,1713.04540984,1.606466692,2.315625488,1922.760603808,1.1797952409454486,3.6641217593795483,87.44198895149991,normal_or_insufficient_data
NOR,Norway,2022,617321834098.986,4.08039771,113122.13076569,5.76412318,3.231,79.92160114,53.57954924,26.3420519,1906.92777131,1704.2970411,474375.9679557,2030.8475376,1775.81347945,1.888617286,3.093430004,1909.154239166,-6.101874414287396,-4.0272494368130305,89.37396931029018,normal_or_insufficient_data
NOR,Norway,2023,502197633322.816,0.35269558,90984.40871411,5.51784987,3.574,77.40118958,46.40496177,30.99622781,2024.71169397,1814.48405479,498742.68916111,1906.92777131,1704.2970411,1.737078154,3.644033708,1942.483333028,6.176632614621062,6.465247021662508,89.61690991334221,normal_or_insufficient_data
NOR,Norway,2024,500886328034.123,1.42372135,89888.95352048,3.14530134,4.0,79.57963682,46.37949585,33.20014098,2006.87409763,1790.51086724,470772.89633272,2024.71169397,1814.48405479,1.72788086,3.83954797,1995.305635294,-0.8809943851820465,-1.321212357127853,89.21889366923854,normal_or_insufficient_data
NOR,Norway,2025,530755719438.879,1.08528185,94594.1929574,3.05562484,4.637,79.05283193,45.37295601,33.67987592,2051.84752456,1858.46423455,473579.56957724,2006.87409763,1790.51086724,2.217048676,4.193355956,2004.241725014,2.2409690265628006,3.7951943522547484,90.57516274015198,normal_or_insufficient_data
NPL,Nepal,2021,36924841394.2605,4.83814961,1252.75076732,4.12676744,12.241,43.05380479,5.11917148,37.93463331,0.0,0.0,125997.58691901,0.0,0.0,5.145047974,4.386584026,0.0,,,,normal_or_insufficient_data
NPL,Nepal,2022,41182939519.8161,5.63131456,1385.91066003,7.67020579,10.661,48.97340148,6.70239087,42.27101061,0.0,0.0,130544.17075638,0.0,0.0,4.475855014,5.365217188,0.0,,,,normal_or_insufficient_data
NPL,Nepal,2023,41049329851.0546,1.98254843,1382.38300895,7.11587262,10.437,41.57015029,7.00596728,34.56418301,0.0,0.0,119081.64305229,0.0,0.0,3.34788948,5.907072892,0.0,,,,normal_or_insufficient_data
NPL,Nepal,2024,43298911699.9284,3.6778746,1460.28237984,4.68509654,10.5,40.17001016,7.55423347,32.61577669,0.0,0.0,121977.39049257,0.0,0.0,2.752053314,5.73086013,0.0,,,,normal_or_insufficient_data
NPL,Nepal,2025,45489810283.1132,4.43073195,1535.87781246,2.6533427,10.465,42.55204484,8.8276336,33.72441124,0.0,0.0,,0.0,0.0,4.11212383,5.250257018,0.0,,,,normal_or_insufficient_data
NRU,Naoero,2021,149268323.992868,7.75193798,12748.17012494,,,130.1856,36.21115,93.97445,0.0,0.0,1149.45169975,0.0,0.0,2.13541714,,0.0,,,,normal_or_insufficient_data
NRU,Naoero,2022,180671357.349805,0.0,15309.83453519,,,141.12907631,45.38232932,95.74674699,0.0,0.0,1166.68076183,0.0,0.0,3.40525841,,0.0,,,,normal_or_insufficient_data
NRU,Naoero,2023,161531316.884061,-0.71942446,13602.63721129,,,135.0,40.83333333,94.16666667,0.0,0.0,1212.52293862,0.0,0.0,3.430865044,,0.0,,,,normal_or_insufficient_data
NRU,Naoero,2024,167833414.846177,1.44927536,14048.16396134,,,160.546875,53.515625,107.03125,0.0,0.0,1359.67896378,0.0,0.0,2.011318406,,0.0,,,,normal_or_insufficient_data
NRU,Naoero,2025,176040043.932346,2.14285714,14639.50469292,,,165.44117647,61.76470588,103.67647059,0.0,0.0,,0.0,0.0,2.124929204,,0.0,,,,normal_or_insufficient_data
NZL,New Zealand,2021,253732493987.834,4.29916005,49902.15434603,3.94112061,3.776,48.43153707,22.33369666,26.09784042,19.7182892,7.31829863,313342.5850265,19.36347268,7.11716393,2.60396878,2.144879784,22.72424635,1.832401273592212,2.826051247073074,37.114267651576995,production_below_trend
NZL,New Zealand,2022,249723029451.237,3.34521848,49141.63162942,7.17222476,3.299,53.20914337,24.0471844,29.16195898,18.10635558,5.64649041,322136.00771019,19.7182892,7.31829863,2.609875232,3.209167202,21.006315548,-8.174814780584514,-22.844219736356948,31.185129359974713,production_below_trend
NZL,New Zealand,2023,256372177757.764,1.81389453,49302.34187649,5.73316283,3.734,49.86550415,23.63031007,26.23519408,19.66244883,7.35529589,341067.51568611,18.10635558,5.64649041,2.308214806,4.03614036,19.800723122,8.594182540625882,30.263143225634206,37.40783232848215,normal_or_insufficient_data
NZL,New Zealand,2024,261497198363.906,-0.86872237,49432.36263968,2.92279782,4.724,50.66076644,24.70525882,25.95550762,18.67462898,6.82381694,344176.45587519,19.66244883,7.35529589,1.669726916,4.296773544,19.105039054,-5.023890251619284,-7.225799722382073,36.54057570465317,normal_or_insufficient_data
NZL,New Zealand,2025,264057413739.965,0.46287183,49591.04057317,2.83979632,5.076,,,,19.03471235,7.91470411,344972.52701841,18.67462898,6.82381694,1.810484504,4.521820468,19.039286988,1.9281955769276011,15.986465926502419,41.58037150479976,normal_or_insufficient_data
OED,OECD members,2021,59666281326989.0,6.09471534,43495.50499482,2.81528976,6.19605024,55.39161246,27.85074539,27.74765628,,,,,,1.81695082,1.808793022,,,,,normal_or_insufficient_data
OED,OECD members,2022,61286449816069.9,3.15854809,44455.8357744,8.23803241,4.99493065,62.72107612,30.27144272,31.12273929,,,,,,1.926252062,3.091870832,,,,,normal_or_insufficient_data
OED,OECD members,2023,65416979138062.7,1.78937161,47135.61372321,5.67767863,4.82631374,58.08721093,28.63041535,28.60938964,,,,,,1.80626435,3.840913026,,,,,normal_or_insufficient_data
OED,OECD members,2024,68279421598473.9,1.78218445,48881.81090516,2.75237849,4.90917859,56.88420331,28.15289832,27.89226123,,,,,,1.792098066,4.043246188,,,,,normal_or_insufficient_data
OED,OECD members,2025,72543267888365.3,1.77005853,51733.71401991,2.83979632,4.92729126,,28.25383961,28.32941005,,,,,,2.918975604,4.464635122,,,,,normal_or_insufficient_data
OMN,Oman,2021,87323797139.1417,2.58217499,19403.46001602,1.68221186,1.9,95.94948773,53.32975935,42.61972838,980.20507184,970.81643836,394999.2587982,958.28859617,949.01889617,-0.067004414,0.849006162,976.946469492,2.2870433559987835,2.2968501763209734,99.04217660674045,normal_or_insufficient_data
OMN,Oman,2022,109852795838.752,7.98570728,23223.58294059,2.50614251,3.3,105.74500928,63.25050191,42.49450737,1072.62063062,1063.25128786,466288.51761393,980.20507184,970.81643836,1.469325528,1.032415836,995.68129041,9.428186145427851,9.521351910372488,99.12649985535107,normal_or_insufficient_data
OMN,Oman,2023,106174707932.38,1.41401383,21027.73845727,0.950783,3.176,106.4467311,61.5843428,44.8623883,1057.32735332,1047.92577534,488441.60975586,1072.62063062,1063.25128786,1.49470751,1.044709962,1009.684766828,-1.425786234519853,-1.441381985141591,99.11081672573029,normal_or_insufficient_data
OMN,Oman,2024,107137198699.61,1.63163231,20285.22727653,0.59358924,3.203,114.8526716,66.07256616,48.78010544,1001.96972922,992.5887377,493519.68219921,1057.32735332,1047.92577534,2.046761576,1.065264738,1014.082276234,-5.235618271501013,-5.28062568382249,99.06374501679778,normal_or_insufficient_data
OMN,Oman,2025,109604780696.23,2.39787382,19947.39662271,0.96774194,3.251,,,,1011.40906623,1002.06917534,,1001.96972922,992.5887377,3.202280446,1.34009371,1024.706370246,0.9420780623131408,0.9551224268338784,99.07654665141433,normal_or_insufficient_data
OSS,Other small states,2021,172054189148.087,7.99114438,13718.36325039,2.42844533,9.49668399,148.02085841,75.92387737,73.64924844,,,,,,3.180081386,1.830947632,,,,,normal_or_insufficient_data
OSS,Other small states,2022,181929859029.679,4.39868943,14326.30816585,7.46811935,9.01147514,164.28241782,83.72232731,81.67927103,,,,,,3.047280484,2.972488384,,,,,normal_or_insufficient_data
OSS,Other small states,2023,196776788550.521,3.20030722,15346.64889249,5.51293809,8.44487903,152.14210532,77.9394179,76.1662704,,,,,,2.813510214,3.552831246,,,,,normal_or_insufficient_data
OSS,Other small states,2024,208356256433.884,2.76881258,16111.83282381,2.0874266,8.48668977,147.56508662,76.66803559,75.2880787,,,,,,2.518890386,3.641904562,,,,,normal_or_insufficient_data
OSS,Other small states,2025,228636677706.691,2.88340086,17540.30998151,2.80630542,8.59085525,148.58010243,75.95808819,74.05996649,,,,,,4.248470894,4.060646958,,,,,normal_or_insufficient_data
PAK,Pakistan,2021,348516647445.148,6.51388576,1455.3192237,9.49641577,6.338,27.03042041,9.05159989,17.97882052,92.44381046,75.97736967,1184090.64992306,90.14189617,74.09289617,3.664352754,7.795598694,99.5642016,2.5536563882112975,2.5433929531870803,82.18762218036765,normal_or_insufficient_data
PAK,Pakistan,2022,374890295666.694,4.77810687,1538.32281332,19.87385996,5.291,33.03135348,10.54059027,22.49076321,86.24582486,70.70410959,1013752.08297817,92.44381046,75.97736967,3.733448946,10.95329595,95.629443284,-6.704597710932566,-6.940566780481965,81.97974766288299,normal_or_insufficient_data
PAK,Pakistan,2023,336686348609.266,-0.414936,1360.32417758,30.76812807,5.237,28.46769255,10.49395875,17.9737338,88.51555007,73.00110155,1001587.79753439,86.24582486,70.70410959,2.420121224,16.091310112,91.91303275,2.6316928543316385,3.248738967677876,82.47262937672438,normal_or_insufficient_data
PAK,Pakistan,2024,371747087751.306,3.08176296,1479.47755241,12.63253185,5.492,27.56533091,10.38550313,17.17982778,81.42550993,65.87340329,1026040.01885778,88.51555007,73.00110155,2.53694643,16.502210368,87.754518298,-8.009937388846415,-9.763822885765755,80.90020356842732,normal_or_insufficient_data
PAK,Pakistan,2025,407307214476.222,3.69842669,1595.90912253,3.54555215,5.42,27.19353738,9.98520671,17.20833067,79.4484257,57.51526767,,81.42550993,65.87340329,3.531449256,15.26329756,85.615824204,-2.428089466924632,-12.688179451127308,72.39321253158576,normal_or_insufficient_data
PAN,Panama,2021,67396392500.0,16.4669992,15509.80691098,1.63070337,10.177,80.13346352,41.60670395,38.52675957,0.0,0.0,263331.35860375,0.0,0.0,2.282227548,0.272501684,0.0,,,,normal_or_insufficient_data
PAN,Panama,2022,76479304500.0,11.03860229,17378.60700836,2.85965129,8.086,93.47526886,48.02659784,45.44867102,0.0,0.0,299020.55357083,0.0,0.0,3.341136114,0.669314758,0.0,,,,normal_or_insufficient_data
PAN,Panama,2023,83812155200.0,7.16634016,18797.19338946,1.48641355,6.544,88.34891052,45.629244,42.71966651,0.0,0.0,302640.35524615,0.0,0.0,3.99075564,0.814281796,0.0,,,,normal_or_insufficient_data
PAN,Panama,2024,86523959100.0,2.74784149,19161.21884313,0.69322555,8.451,83.67377886,44.35784227,39.3159366,0.0,0.0,302474.24619765,0.0,0.0,3.919733146,1.02394367,0.0,,,,normal_or_insufficient_data
PAN,Panama,2025,90462600000.0,4.35030461,19789.73085558,-0.18958788,8.36,,,,0.0,0.0,,0.0,0.0,8.35401755,1.296081176,0.0,,,,normal_or_insufficient_data
PER,Peru,2021,226406075008.878,13.41664561,6828.53422536,4.27166382,5.097,55.40832319,29.22587673,26.18244647,125.35508602,38.39104384,505047.26042695,130.22490765,39.67695628,2.242431532,2.606050496,136.289821526,-3.7395470020899646,-3.2409553568709377,30.625836620521987,normal_or_insufficient_data
PER,Peru,2022,246169867862.821,2.81819976,7353.74598722,8.3337063,4.291,57.27270031,28.81964525,28.45305506,123.01198278,40.53823836,530180.75874583,125.35508602,38.39104384,2.302304396,3.673811664,132.79104685,-1.8691728548023696,5.592956859804935,32.95470688615787,normal_or_insufficient_data
PER,Peru,2023,268025009709.319,-0.35069981,7919.04634829,6.45561348,4.899,50.90703072,27.17016181,23.73686891,120.98136893,38.69536992,537046.73516736,123.01198278,40.53823836,1.438294166,4.663103514,129.009668308,-1.6507447519414742,-4.5460003062649115,31.98456941117041,normal_or_insufficient_data
PER,Peru,2024,291751523018.903,3.51527493,8526.2966572,2.00770739,5.199,51.68114799,28.88393395,22.79721404,124.62858863,40.63115007,536685.47961219,120.98136893,38.69536992,1.693222798,4.61422061,124.840386802,3.0146953471077738,5.002614405811578,32.60178945829726,normal_or_insufficient_data
PER,Peru,2025,334854659181.893,3.43056395,9684.41170315,1.5312545,5.117,51.81548297,29.96982707,21.8456559,123.30173268,44.15274521,,124.62858863,40.63115007,4.565996888,4.519989098,123.455751808,-1.0646481393921567,8.667229782895486,35.8086981020679,normal_or_insufficient_data
PHL,Philippines,2021,394087359848.11,5.71473313,3484.38593883,3.92718022,3.398,63.48460981,25.75203492,37.7325749,14.46686455,0.662,852264.84380549,14.0734,0.654,3.11748759,3.37498846,14.98151291,2.7958030753051855,1.2232415902140672,4.575974273568491,normal_or_insufficient_data
PHL,Philippines,2022,404353369604.631,7.58098213,3548.06930572,5.82115811,2.598,72.42968361,28.38740155,44.04228206,14.28528741,0.543,902374.20454831,14.46686455,0.662,3.24748635,3.968582536,14.545530392,-1.2551243524292208,-17.97583081570997,3.8011135822152844,normal_or_insufficient_data
PHL,Philippines,2023,437055627245.138,5.51894968,3804.08274132,5.97802516,2.2,67.41996932,26.63684935,40.78311997,14.38045913,0.53371507,965483.57313645,14.28528741,0.543,3.082979172,4.102318244,14.306102218,0.6662219475778821,-1.7099318600368325,3.7113910284448615,normal_or_insufficient_data
PHL,Philippines,2024,461671157904.74,5.71474526,3985.2946467,3.21260487,2.202,65.86378839,25.73698066,40.12680773,14.34480218,0.51823224,989841.08315101,14.38045913,0.53371507,3.002223092,4.26642615,14.310162654,-0.24795418336549313,-2.9009542488654105,3.6126830715207534,normal_or_insufficient_data
PHL,Philippines,2025,487086123720.417,4.40240159,4170.72347271,1.65873645,2.235,66.79360533,26.55033582,40.24326951,14.3336973,0.5029726,,14.34480218,0.51823224,5.786362358,4.119540962,14.362222114,-0.07741396403139524,-2.9445562861932326,3.5090220581119707,normal_or_insufficient_data
PLW,Palau,2021,235935734.375,-11.91464002,13267.48773407,2.61248186,,79.57914292,6.58256758,72.99657534,,,,,,-4.292084096,1.32514724,,,,,normal_or_insufficient_data
PLW,Palau,2022,247470812.5,-0.46287954,13934.95199617,12.35266384,,103.65185476,15.43789519,88.21395957,,,,,,-3.700373664,3.512082368,,,,,normal_or_insufficient_data
PLW,Palau,2023,276157406.25,1.22284844,15578.34976307,12.81997482,,106.75762355,26.14103041,80.61659314,,,,,,-3.372278804,5.654136404,,,,,normal_or_insufficient_data
PLW,Palau,2024,321501812.5,12.00597202,18169.07671659,2.23172773,,105.81195558,32.69866734,73.11328824,,,,,,-1.031221268,6.047006014,,,,,normal_or_insufficient_data
PLW,Palau,2025,345000000.0,6.28637654,19532.35577195,-0.41841004,,,,,,,,,,1.427535488,5.919687642,,,,,normal_or_insufficient_data
PNG,Papua New Guinea,2021,26113409477.7318,-0.51061261,2607.97769973,4.48359014,3.03,,,,37.04303375,36.97406027,88718.42278203,39.42060005,39.35753005,0.811565692,4.616094386,39.609540732,-6.031278816112288,-6.0559434928259686,99.81380175159114,normal_or_insufficient_data
PNG,Papua New Guinea,2022,31653230962.4549,5.70701965,3102.2940973,5.25323922,2.689,,,,34.44429354,34.37627397,91621.78878062,37.04303375,36.97406027,1.246047458,4.582333094,36.401478536,-7.015462684667397,-7.025969777270555,99.80252296386625,normal_or_insufficient_data
PNG,Papua New Guinea,2023,30816328065.6492,3.81046308,2966.06455045,2.29869991,2.649,,,,32.13979066,32.07016986,93712.66681766,34.44429354,34.37627397,2.06399053,4.167175234,35.693625326,-6.690521544080419,-6.708417881508989,99.78338128976475,normal_or_insufficient_data
PNG,Papua New Guinea,2024,30803971189.4102,3.88795325,2912.49140684,0.60240392,2.625,,,,32.31337469,32.2789071,96346.62008407,32.13979066,32.07016986,1.945478266,3.501921436,35.072218538,0.5400907300122408,0.6508766274429705,99.89333336325696,normal_or_insufficient_data
PNG,Papua New Guinea,2025,32498658653.8415,5.63792052,3019.53091406,4.42141364,2.571,,,,31.51589863,31.51589863,,32.31337469,32.2789071,3.706548778,3.411869366,33.491278254,-2.467944210874373,-2.3637989589802437,100.0,normal_or_insufficient_data
POL,Poland,2021,689170230665.35,6.92718266,18635.51048958,5.05502705,3.268,110.87428302,57.03797607,53.83630695,35.81539532,17.83453425,1488128.76749519,38.87264809,18.77501366,4.174077642,2.90917254,37.57924594,-7.864791621403532,-5.0092075938335165,49.79572078055734,normal_or_insufficient_data
POL,Poland,2022,695607470875.276,5.25545697,18891.21211693,14.42945076,2.811,123.02133286,62.35251625,60.66881661,32.74681273,17.15099178,1549157.8902495,35.81539532,17.83453425,4.19467749,5.379875584,37.789817254,-8.567775289322146,-3.8326903322412247,52.37453770359654,production_below_trend
POL,Poland,2023,812451193396.143,0.24961083,22145.26606474,11.5289128,2.743,110.02493504,57.88127102,52.14366402,32.65774207,16.5856411,1526084.76397209,32.74681273,17.15099178,2.995427962,7.32306783,36.081190326,-0.27199795208893907,-3.296314797720695,50.78624561505087,normal_or_insufficient_data
POL,Poland,2024,917767106146.761,3.02841631,25103.56566142,3.79060898,2.807,100.35944285,52.17981339,48.17962946,34.14748919,16.08084699,1574534.143737,32.65774207,16.5856411,2.68501959,7.635693864,34.84801748,4.561696631710828,-3.0435610354549394,47.09232617521183,normal_or_insufficient_data
POL,Poland,2025,1035491784197.44,3.57272503,28419.57773956,3.81419532,2.976,97.03018225,49.9505651,47.07961716,44.53486105,16.54119452,1571340.18644804,34.14748919,16.08084699,3.80667836,7.723638982,35.980460072,30.419137999293703,2.8627069848141127,37.14212670705077,normal_or_insufficient_data
PRE,Pre-demographic dividend,2021,1632692476237.58,2.29076411,1594.39804852,4.22278962,5.76848662,,21.83689817,20.59443908,,,,,,1.12182031,3.514176402,,,,,normal_or_insufficient_data
PRE,Pre-demographic dividend,2022,1857970259244.7,4.63522422,1769.19147219,8.77567483,4.974951,,25.30934477,22.46231275,,,,,,1.718063084,4.353643886,,,,,normal_or_insufficient_data
PRE,Pre-demographic dividend,2023,1679661211478.96,2.44455094,1559.36615929,7.10220929,4.65198898,,25.36817707,25.66562977,,,,,,1.675370022,5.213678176,,,,,normal_or_insufficient_data
PRE,Pre-demographic dividend,2024,1516630881743.9,3.32862168,1372.71153525,4.19081721,4.5373425,,29.98328624,31.44296641,,,,,,1.708921558,5.538024048,,,,,normal_or_insufficient_data
PRE,Pre-demographic dividend,2025,1665770125125.75,3.57431469,1470.05803146,3.2782354,4.54407578,,,31.04159831,,,,,,3.254695128,5.51394527,,,,,normal_or_insufficient_data
PRI,Puerto Rico (US),2021,106426600000.0,0.38522272,32618.87051062,,7.9,96.74536253,54.41233677,42.33302577,0.0,0.0,165240.45351979,0.0,0.0,-1.873366642,,0.0,,,,normal_or_insufficient_data
PRI,Puerto Rico (US),2022,113843700000.0,2.95709565,35353.5613891,,6.0,98.25646918,52.44629259,45.81017658,0.0,0.0,171585.06900365,0.0,0.0,-0.704903836,,0.0,,,,normal_or_insufficient_data
PRI,Puerto Rico (US),2023,118478754280.882,0.73149211,36980.76539281,,5.725,101.65755095,53.64480778,48.01274317,0.0,0.0,195066.23380983,0.0,0.0,0.313679992,,0.0,,,,normal_or_insufficient_data
PRI,Puerto Rico (US),2024,126029527033.705,3.17707555,39353.22423606,,5.639,94.62250856,51.87697006,42.7455385,0.0,0.0,201377.5135618,0.0,0.0,0.614002344,,0.0,,,,normal_or_insufficient_data
PRI,Puerto Rico (US),2025,129368484000.0,0.31767005,40620.15269237,,5.991,90.45804386,46.88313423,43.57490964,0.0,0.0,,0.0,0.0,1.513711216,,0.0,,,,normal_or_insufficient_data
PRK,"Korea, Dem. People's Rep.",2021,,,,,3.692,,,,0.11471389,0.0,35998.02120707,0.1049,0.0,,,0.109282778,9.355471877979028,,0.0,normal_or_insufficient_data
PRK,"Korea, Dem. People's Rep.",2022,,,,,3.457,,,,0.11313228,0.0,37567.84660599,0.11471389,0.0,,,0.110449234,-1.378743236760605,,0.0,normal_or_insufficient_data
PRK,"Korea, Dem. People's Rep.",2023,,,,,3.463,,,,0.11579552,0.0,41664.69369845,0.11313228,0.0,,,0.111888338,2.3540938094768356,,0.0,normal_or_insufficient_data
PRK,"Korea, Dem. People's Rep.",2024,,,,,3.539,,,,0.10778398,0.0,42843.57934638,0.11579552,0.0,,,0.111265134,-6.91869599100207,,0.0,normal_or_insufficient_data
PRK,"Korea, Dem. People's Rep.",2025,,,,,3.545,,,,0.10115509,0.0,,0.10778398,0.0,,,0.110516152,-6.150162575180468,,0.0,normal_or_insufficient_data
PRT,Portugal,2021,256055879091.139,5.55875672,24711.45100621,1.26565719,6.712,85.87354521,41.54842718,44.32511803,12.31683968,0.0,456852.61218292,11.9508,0.0,1.272162594,0.790745414,11.688412038,3.0628885095558456,,0.0,normal_or_insufficient_data
PRT,Portugal,2022,256898677175.024,6.98584138,24620.51975872,7.83269124,6.138,101.36414648,49.4816822,51.88246428,12.25747398,0.0,503327.36048695,12.31683968,0.0,2.006386854,2.083560838,11.838663874,-0.48198808738574084,,0.0,normal_or_insufficient_data
PRT,Portugal,2023,292323800948.839,3.09998746,27634.61831398,4.31128192,6.498,93.13585371,47.15547693,45.98037678,12.36219226,0.0,493416.87266287,12.25747398,0.0,2.03712766,2.747074086,12.012761384,0.8543218624886691,,0.0,normal_or_insufficient_data
PRT,Portugal,2024,313656884870.859,2.21459232,29328.30674153,2.41613188,6.5,89.66156371,45.81968561,43.8418781,12.36318235,0.0,486456.04160329,12.36219226,0.0,1.930909258,3.16266478,12.250097654,0.008009016355485803,,0.0,normal_or_insufficient_data
PRT,Portugal,2025,346639825141.821,1.86448007,32081.81061503,2.3360162,6.164,86.39887698,43.65808885,42.74078813,12.37498223,0.0,484719.45370827,12.36318235,0.0,3.94473159,3.632355686,12.3349341,0.09544371073682335,,0.0,normal_or_insufficient_data
PRY,Paraguay,2021,39937357255.8716,3.99461511,5974.90571859,4.7879831,7.311,69.73201268,35.4652163,34.26679638,2.0,0.0,126044.96947735,8.97,0.0,2.157460764,3.378136774,6.506,-77.70345596432553,,0.0,production_below_trend
PRY,Paraguay,2022,41841201626.7253,-0.02807717,6189.10205375,9.76556667,6.755,73.87363114,34.40000353,39.47362761,2.0,0.0,114239.06329547,2.0,0.0,1.189829558,4.610754626,5.7666,0.0,,0.0,production_below_trend
PRY,Paraguay,2023,43140465595.6662,5.28584585,6303.26495017,4.63202285,5.794,82.57772523,42.25766272,40.32006251,2.0,0.0,112079.36396515,2.0,0.0,1.60614866,4.742037164,4.788,0.0,,0.0,production_below_trend
PRY,Paraguay,2024,44738819362.3269,4.66914578,6456.60723069,3.83540272,5.686,77.09443845,37.71354311,39.38089535,2.03078908,0.0,112184.62963072,2.0,0.0,2.620348836,4.957698252,3.400157816,1.539454,,0.0,production_below_trend
PRY,Paraguay,2025,49278227554.3339,6.64262511,7026.61906146,4.03806423,4.803,76.47807033,37.17801272,39.30005761,2.04403717,0.0,,2.03078908,0.0,4.112830936,5.411807914,2.01496525,0.6523616918404939,,0.0,normal_or_insufficient_data
PSE,West Bank and Gaza,2021,18109000000.0,7.01198228,3678.63565662,1.23748103,26.39,73.08354962,17.34110111,55.74244851,0.0,0.0,56661.65850881,0.0,0.0,-0.059470284,0.419959106,0.0,,,,normal_or_insufficient_data
PSE,West Bank and Gaza,2022,19165500000.0,4.08276027,3799.95527015,3.74122392,24.42,82.39492839,18.43625264,63.95867575,0.0,0.0,72396.77204535,0.0,0.0,0.473208258,1.125689704,0.0,,,,normal_or_insufficient_data
PSE,West Bank and Gaza,2023,18635100000.0,-0.97217781,3607.41611859,5.87110178,,76.17345761,16.99588411,59.1775735,0.0,0.0,69809.56408355,0.0,0.0,0.03335722,2.338931614,0.0,,,,normal_or_insufficient_data
PSE,West Bank and Gaza,2024,16016900000.0,-22.85732739,3028.25481287,53.66914583,,74.58809133,21.85254325,52.73554808,0.0,0.0,70742.20549829,0.0,0.0,-4.810645752,12.756724112,0.0,,,,normal_or_insufficient_data
PSE,West Bank and Gaza,2025,17167100000.0,4.34444072,3171.10844622,9.80840118,,74.76044294,21.22781367,53.53262927,0.0,0.0,,0.0,0.0,-1.678064386,14.865470748,0.0,,,,normal_or_insufficient_data
PSS,Pacific island small states,2021,9575143114.30798,-2.62004385,3646.98862816,2.47788272,3.35468526,79.87401084,24.62022509,53.85335326,,,,,,-1.01903762,1.750326428,,,,,normal_or_insufficient_data
PSS,Pacific island small states,2022,10469882963.8981,8.33511773,3941.90128416,6.37906507,3.6068162,100.61671774,34.4240613,64.96150201,,,,,,-0.12902817,2.709350944,,,,,normal_or_insufficient_data
PSS,Pacific island small states,2023,11293798175.2794,7.2351089,4199.64948077,7.92164685,3.52057526,109.83014809,42.04575671,66.93059826,,,,,,0.773371992,3.71443645,,,,,normal_or_insufficient_data
PSS,Pacific island small states,2024,12328647285.5226,3.66740239,4528.48364572,2.45545072,3.52751413,107.34603748,41.47776207,64.66655257,,,,,,1.274204726,3.924086716,,,,,normal_or_insufficient_data
PSS,Pacific island small states,2025,13005809518.6945,3.31927523,4719.69017777,1.43420861,3.51831084,,,,,,,,,3.98737208,4.133650794,,,,,normal_or_insufficient_data
PST,Post-demographic dividend,2021,56312999693620.9,5.82057406,50433.55193224,2.50835221,5.80602995,56.99335205,28.45523924,28.38826609,,,,,,1.674117868,1.64593193,,,,,normal_or_insufficient_data
PST,Post-demographic dividend,2022,57655583144884.1,2.86042678,51597.01827833,7.87737004,4.52602227,64.01367647,30.76509609,31.55975832,,,,,,1.750313588,2.87524602,,,,,normal_or_insufficient_data
PST,Post-demographic dividend,2023,61116976921687.7,1.7959544,54507.21547101,5.06713865,4.46960384,59.85890124,29.14986306,29.16053519,,,,,,1.651986852,3.540952026,,,,,normal_or_insufficient_data
PST,Post-demographic dividend,2024,63619224251453.8,1.77944527,56385.05851456,2.44091573,4.61212708,58.85373567,28.77336464,28.63961792,,,,,,1.643547588,3.705208792,,,,,normal_or_insufficient_data
PST,Post-demographic dividend,2025,67379697065259.9,1.65330961,59490.02406283,2.37284807,4.69905638,,28.91262168,29.20069904,,,,,,2.781942024,4.05332494,,,,,normal_or_insufficient_data
PYF,French Polynesia,2021,5994931236.42282,3.36590242,21426.38544498,,12.558,52.97881839,13.44312714,39.53569125,0.0,0.0,13262.3158314,0.0,0.0,0.31621275,,0.0,,,,normal_or_insufficient_data
PYF,French Polynesia,2022,5622688338.06317,2.93734707,20053.95693693,,11.793,69.52640232,21.81712174,47.70928058,0.0,0.0,18302.0443799,0.0,0.0,0.045155438,,0.0,,,,normal_or_insufficient_data
PYF,French Polynesia,2023,6137447782.87066,2.77284077,21832.28317956,,11.613,71.67220377,24.06792174,47.60428202,0.0,0.0,18954.63757192,0.0,0.0,0.238348596,,0.0,,,,normal_or_insufficient_data
PYF,French Polynesia,2024,6323716355.05009,1.12638898,22439.8838746,,11.613,64.46886657,18.32137235,46.14749422,0.0,0.0,19711.80367983,0.0,0.0,-0.074266924,,0.0,,,,normal_or_insufficient_data
PYF,French Polynesia,2025,,,,,11.662,,,,0.0,0.0,,0.0,0.0,2.55061981,,0.0,,,,normal_or_insufficient_data
QAT,Qatar,2021,179732009560.44,1.62684672,71751.88312572,2.30446566,0.14,92.77915857,58.72601703,34.05314154,1767.20206806,1255.58374036,436698.21016018,1730.14653114,1238.26234207,-0.301049764,-0.05035924,1771.009160936,2.1417571432856595,1.3988472152875022,71.04924575707153,normal_or_insufficient_data
QAT,Qatar,2022,235709325714.286,4.18500971,88701.46335227,4.99527554,0.13,100.2136472,68.59841317,31.61523403,1788.67295573,1269.84128788,492313.83354391,1767.20206806,1255.58374036,0.835473118,0.869720086,1770.369971534,1.2149650601965583,1.1355313916308032,70.99348619388878,normal_or_insufficient_data
QAT,Qatar,2023,213002809340.659,1.18715992,80195.87465085,3.02764899,0.13,,,,1826.70014918,1300.31506849,512364.37873107,1788.67295573,1269.84128788,0.825930662,1.424086808,1771.448587946,2.126000358432221,2.3998101889469963,71.18382669830663,normal_or_insufficient_data
QAT,Qatar,2024,216294505494.505,3.10963283,75685.086578,1.2673431,0.13,,,,1852.41726952,1293.50085401,517676.65458269,1826.70014918,1300.31506849,1.310209038,1.810883652,1793.027794726,1.4078457458682716,-0.5240433372746387,69.82772592835809,normal_or_insufficient_data
QAT,Qatar,2025,215559615384.615,2.90166037,72524.90663852,,0.13,,,,1878.32958825,1297.38443658,,1852.41726952,1293.50085401,2.60206191,2.8986833225,1822.664406148,1.3988381104174452,0.300238114104096,69.07118136752271,normal_or_insufficient_data
ROU,Romania,2021,285072444957.216,5.58735073,14908.04128139,5.05232876,5.59,87.07119655,40.69438727,46.37680927,84.2743742,65.77677808,485884.98786323,86.06795738,68.25921038,3.90792308,3.495152368,87.316836454,-2.083915123117332,-3.6367726584885234,78.05074639165935,normal_or_insufficient_data
ROU,Romania,2022,295317862855.924,4.18771305,15503.46913662,13.79548874,5.614,93.94965094,43.51310539,50.43654554,80.14522621,61.97276164,475620.76094488,84.2743742,65.77677808,3.106370036,5.986445874,85.45891238,-4.8996483559767565,-5.783220995369252,77.32558078707805,normal_or_insufficient_data
ROU,Romania,2023,347757995758.914,2.25773417,18244.41868763,10.39718748,5.589,83.37533241,39.24459755,44.13073486,77.48181215,59.22910959,503245.25668235,80.14522621,61.97276164,2.479012414,7.140786484,83.267226042,-3.3232348150359035,-4.427190232279602,76.44259723215573,normal_or_insufficient_data
ROU,Romania,2024,382564217988.866,0.91600376,20080.20962156,5.72140574,5.4,77.21498379,35.6030267,41.61195709,73.37154283,55.2973306,483416.99066223,77.48181215,59.22910959,1.87015525,7.519496766,80.268182554,-5.3048182611459485,-6.638254427960918,75.3661821288432,normal_or_insufficient_data
ROU,Romania,2025,428677977854.826,0.67782984,22537.9532108,7.18903362,5.992,76.21478634,35.48431232,40.73047402,69.52536821,51.54805205,,73.37154283,55.2973306,2.72532631,8.431088868,76.95966472,-5.242052261203623,-6.780216168337066,74.14279618671004,normal_or_insufficient_data
RUS,Russian Federation,2021,1829186719575.1,5.86649177,12425.02929688,6.69445892,4.749,50.58619546,30.00241954,20.58377593,10776.7178856,10111.82793078,7550292.61091461,10495.9973803,9865.42172019,2.008791816,4.222065552,11072.330073634,2.674548164683101,2.497675391673519,93.8303112146191,normal_or_insufficient_data
RUS,Russian Federation,2022,2292495097681.47,-1.43537063,15625.6328125,13.74367974,3.867,42.76630823,27.70962661,15.05668162,10978.25839897,10318.9714803,7668912.30831239,10776.7178856,10111.82793078,1.356376634,6.234135356,11021.840030328,1.8701474373686744,2.0485272389719302,93.99461285469602,normal_or_insufficient_data
RUS,Russian Federation,2023,2046284838151.09,4.06661396,13986.99511719,5.86571932,3.076,41.33951165,22.76993931,18.56957234,10906.81138085,10276.55934201,7772697.69204017,10978.25839897,10318.9714803,1.608431262,6.831616454,10926.29843952,-0.6508046679490008,-0.4110112947881407,94.22148218363265,normal_or_insufficient_data
RUS,Russian Federation,2024,2186462268813.08,4.92167966,14961.89746094,8.4348641,2.43,39.41840588,21.85636591,17.56203997,10533.2436044,9891.87541204,7900695.20254921,10906.81138085,10276.55934201,2.153152052,7.62418401,10738.205730024,-3.4250869791871907,-3.7433144418038204,93.91100959544804,normal_or_insufficient_data
RUS,Russian Federation,2025,2561310169358.74,1.00117657,17546.609375,8.71986939,2.133,33.71005087,18.20307743,15.50697344,10534.54792582,9885.10903296,,10533.2436044,9891.87541204,2.884118266,8.691718294,10745.915839128,0.012382903775767156,-0.06840339974120813,93.8351517556037,normal_or_insufficient_data
RWA,Rwanda,2021,11252894909.5043,8.41140449,842.58149295,-0.39134675,15.775,59.80079939,19.28579354,40.51500585,0.0,0.0,18842.67504484,0.0,0.0,5.53904209,4.155051076,0.0,,,,normal_or_insufficient_data
RWA,Rwanda,2022,13747404814.2677,9.82497395,1007.05989323,17.68920956,15.084,60.95917094,21.79924205,39.15992889,0.0,0.0,18961.62204166,0.0,0.0,6.56325,6.036985644,0.0,,,,normal_or_insufficient_data
RWA,Rwanda,2023,14806501437.282,8.55964293,1061.05788154,19.78954675,12.352,66.89258393,23.70060603,43.19197791,0.0,0.0,20055.03972509,0.0,0.0,6.661010076,10.057137026,0.0,,,,normal_or_insufficient_data
RWA,Rwanda,2024,15111064181.9687,7.22717103,1059.93709299,1.7702924,11.331,71.68680695,28.42123008,43.26557688,0.0,0.0,20603.17500231,0.0,0.0,6.249217508,9.741620196,0.0,,,,normal_or_insufficient_data
RWA,Rwanda,2025,16372132990.2271,9.37579834,1123.73874633,5.91300017,11.363,56.67334975,21.55473145,35.1186183,0.0,0.0,,0.0,0.0,8.679798148,8.954140426,0.0,,,,normal_or_insufficient_data
SAS,South Asia,2021,3717045071947.61,9.2465996,2273.72055806,5.33853089,6.33048938,44.01454141,20.01149266,23.46729854,,,,,,4.306285384,4.420144844,,,,,normal_or_insufficient_data
SAS,South Asia,2022,3834471492016.05,7.10115392,2326.72890586,7.18461997,4.86631705,49.38701829,22.56260992,26.21508359,,,,,,4.369692236,5.028743134,,,,,normal_or_insufficient_data
SAS,South Asia,2023,4073084906363.46,6.78486404,2449.85714245,6.3825079,4.1622009,45.12971222,21.26461589,23.49530361,,,,,,4.447931778,5.638965682,,,,,normal_or_insufficient_data
SAS,South Asia,2024,4364256137661.4,6.75761202,2601.82209529,3.72320612,4.19214669,44.39269795,20.76874572,23.2348823,,,,,,4.980545568,5.657816974,,,,,normal_or_insufficient_data
SAS,South Asia,2025,4578021773987.28,7.12381421,2705.28227429,3.10423966,4.24320442,44.61870598,21.03772118,23.46492373,,,,,,7.402808758,5.146620908,,,,,normal_or_insufficient_data
SAU,Saudi Arabia,2021,982661066666.667,6.51959698,31920.76536556,3.06328989,6.621,50.88392634,29.1556614,21.72826494,10948.3701847,9311.54680243,7102309.11399313,11090.7433694,9405.66666667,1.755091034,1.37475008,11653.972618766,-1.2837118302891746,-1.0006719095577132,85.04961601903625,normal_or_insufficient_data
SAU,Saudi Arabia,2022,1239075200000.0,12.00058748,38510.2276211,2.47407372,5.589,56.82416477,35.9850099,20.83915488,12347.30321985,10664.56164384,7462847.4158198,10948.3701847,9311.54680243,3.918787118,2.036533972,11706.70588438,12.77754598675303,14.53050572711409,86.37158619944832,normal_or_insufficient_data
SAU,Saudi Arabia,2023,1218584800000.0,0.54259244,36156.85625002,2.32708518,4.008,55.79746823,30.75596107,25.04150716,11412.93541813,9748.44251781,7606551.62845839,12347.30321985,10664.56164384,3.381915428,2.00876239,11508.16256554,-7.5673836228292695,-8.590312069311945,85.41573364486166,normal_or_insufficient_data
SAU,Saudi Arabia,2024,1254140800000.0,2.64893068,35527.78618187,1.68792112,3.518,56.40493741,29.38800279,27.01693462,10872.02333479,9232.15445628,7699230.3711371,11412.93541813,9748.44251781,3.581383712,2.584943904,11334.275105374,-4.739465032639499,-5.296108179196453,84.91661737643176,normal_or_insufficient_data
SAU,Saudi Arabia,2025,1276942933333.33,4.5024656,34536.65554566,2.08420854,3.038,57.91822386,29.74487401,28.17334985,11213.95792565,9556.05403562,,10872.02333479,9232.15445628,5.242834636,2.32731569,11358.918016624,3.145086984552583,3.5083856197799355,85.21571151753807,normal_or_insufficient_data
SDN,Sudan,2021,34229513774.9936,-1.86852048,712.12200928,359.09304078,11.087,4.12754864,2.24987043,1.87767821,63.38777145,61.5545507,250907.86492798,65.26778269,63.59158269,-1.929649324,133.797801618,74.681400324,-2.8804582636573093,-3.203304437208685,97.10792680028823,production_below_trend
SDN,Sudan,2022,51666875363.0963,-0.95781659,1046.24084473,138.80846024,7.53,2.69883444,1.57116183,1.12767261,66.68771719,64.87997337,282484.49438378,63.38777145,61.5545507,-2.263063898,155.089168446,67.203814562,5.205965858261767,5.4023993875078355,97.28924021368199,normal_or_insufficient_data
SDN,Sudan,2023,39898289820.7951,-29.43327163,797.28344727,,,2.47372878,1.10810859,1.36562019,69.85359433,68.00329503,197456.15054741,66.68771719,64.87997337,-7.613532114,178.03833372,67.3640328,4.747316707483176,4.81399960229361,97.35117524338278,normal_or_insufficient_data
SDN,Sudan,2024,49672435513.1126,-13.96433784,984.60766602,,,1.9954121,0.72093019,1.27448191,39.3162129,37.48928699,186910.52630642,69.85359433,68.00329503,-9.970749472,220.38642779333333,60.902615712,-43.716263598028085,-44.87136693382077,95.3532505415851,production_below_trend
SDN,Sudan,2025,60162634574.4689,3.06427943,1164.53991699,,,2.38193028,1.10304203,1.27888826,31.80365677,30.0,,39.3162129,37.48928699,-8.631933422,248.95075051,54.209790528,-19.10803603874065,-19.97713904774373,94.3287755145774,production_below_trend
SEN,Senegal,2021,27520784129.7508,6.5440011,1598.10676952,2.18032278,3.436,69.37599399,24.63960212,44.73639187,-0.02740681,0.0,128448.26010291,-0.0251,0.0,5.223286038,1.652543988,-0.025901362,9.190478087649403,,0.0,production_below_trend
SEN,Senegal,2022,27783332222.6759,3.85043194,1574.02810593,9.69681899,2.837,79.39742202,26.69916422,52.69825779,-0.02706978,0.0,146860.6728205,-0.02740681,0.0,4.511875188,3.328277156,-0.026295318,-1.2297308588631803,,0.0,production_below_trend
SEN,Senegal,2023,30696331295.7826,4.25743083,1698.03387301,5.93947799,2.784,71.59428158,23.10646288,48.4878187,-0.02770432,0.0,165088.71452784,-0.02706978,0.0,4.121513148,4.423975626,-0.026756182,2.3440899778276734,,0.0,production_below_trend
SEN,Senegal,2024,32169996051.8502,6.46220577,1738.73223822,0.8045033,2.788,68.23635103,25.48214914,42.75420189,36.36619802,36.37978142,169076.15674533,-0.02770432,0.0,4.491228682,4.232853984,7.251783422,-131365.44170728608,,100.03735171873763,sharp_production_decline
SEN,Senegal,2025,37006536238.3731,6.68227745,1954.71174195,1.4590072,2.735,71.06870632,32.48786835,38.58083797,100.0,100.0,,36.36619802,36.37978142,5.559269418,4.016026052,27.256803422,174.98062883836215,174.8779571969182,100.0,normal_or_insufficient_data
SGP,Singapore,2021,441110903524.645,10.14108452,80884.85653692,2.31610316,4.64,326.53325459,181.15929973,145.37395486,20.17173396,0.0,3070719.19004575,18.444,0.0,3.040484672,0.745473738,19.275446792,9.367458035133376,,0.0,normal_or_insufficient_data
SGP,Singapore,2022,514252535238.749,4.01027884,91227.69704265,6.13095419,3.591,330.24691706,185.01065611,145.23626095,19.89143716,0.0,3069738.57448103,20.17173396,0.0,2.977181698,1.856311938,19.451314224,-1.3895523337548519,,0.0,normal_or_insufficient_data
SGP,Singapore,2023,511181761243.76,1.45026776,86382.59004993,4.83372363,3.444,323.70121999,180.43001291,143.27120708,20.35969443,0.0,3327881.87974207,19.89143716,0.0,2.629913554,2.73529982,19.67561311,2.3540645466363075,,0.0,normal_or_insufficient_data
SGP,Singapore,2024,572877260178.427,5.34351202,94896.5621496,2.38951124,2.737,313.2993772,174.65585453,138.64352268,20.35581594,0.0,3410367.073694,20.35969443,0.0,3.466860064,3.09963607,19.844536298,-0.01904984386349653,,0.0,normal_or_insufficient_data
SGP,Singapore,2025,603869516998.738,5.025882,98813.97881729,0.9029985,2.818,320.30602541,177.85148415,142.45454126,20.53808423,0.0,,20.35581594,0.0,5.194205028,3.314658144,20.263353144,0.8954113681183148,,0.0,normal_or_insufficient_data
SLB,Solomon Islands,2021,1558312103.84225,-0.22797529,2043.44413171,-0.11543789,0.879,67.42005676,26.55551825,40.86453851,0.0,0.0,4592.87968818,0.0,0.0,0.79226642,1.686625816,0.0,,,,normal_or_insufficient_data
SLB,Solomon Islands,2022,1466670929.62333,-2.58448362,1877.78104491,5.51812929,1.475,74.83554059,28.13197664,46.70356395,0.0,0.0,4444.07461073,0.0,0.0,-0.339722656,2.692514322,0.0,,,,normal_or_insufficient_data
SLB,Solomon Islands,2023,1506124566.40404,2.84111851,1882.64394148,5.88585897,1.443,101.13453183,36.25930665,64.87522518,0.0,0.0,4538.61816568,0.0,0.0,-0.320669444,3.177391146,0.0,,,,normal_or_insufficient_data
SLB,Solomon Islands,2024,1583964703.75061,2.99755988,1933.55538435,4.32183948,1.444,111.35297215,40.56850627,70.78446588,0.0,0.0,4775.4254518,0.0,0.0,-0.071007956,3.714787954,0.0,,,,normal_or_insufficient_data
SLB,Solomon Islands,2025,1749572442.95016,3.61715088,2086.18955929,3.36462189,1.431,,,,0.0,0.0,,0.0,0.0,1.328674072,3.795002348,0.0,,,,normal_or_insufficient_data
SLE,Sierra Leone,2021,7166931483.2953,5.8968527,885.39640161,11.87395888,3.551,42.14351616,15.5476395,26.59587666,0.0,0.0,22582.39436836,0.0,0.0,3.249586066,14.87537665,0.0,,,,normal_or_insufficient_data
SLE,Sierra Leone,2022,7121125277.18159,5.31355461,860.37106787,27.20828838,3.137,45.05421281,16.78047806,28.27373475,0.0,0.0,22136.51721449,0.0,0.0,3.670724812,16.672732446,0.0,,,,normal_or_insufficient_data
SLE,Sierra Leone,2023,6415852766.09227,5.7100219,758.3291373,47.64287333,3.092,55.28679697,20.96365854,34.32313843,0.0,0.0,23530.58361367,0.0,0.0,4.23395791,22.995398158,0.0,,,,normal_or_insufficient_data
SLE,Sierra Leone,2024,6971127234.07241,4.29322334,806.65465027,28.63375,3.103,40.54544507,17.26564837,23.2797967,0.0,0.0,24296.2505176,0.0,0.0,3.992060704,25.76114834,0.0,,,,normal_or_insufficient_data
SLE,Sierra Leone,2025,7464157904.43509,4.60865078,846.2961725,7.48750167,3.15,49.09607468,20.89106456,28.20501013,0.0,0.0,,0.0,0.0,5.164460666,24.569274452,0.0,,,,normal_or_insufficient_data
SLV,El Salvador,2021,29043140000.0,11.9047617,4642.60743101,3.46692585,4.327,81.84507598,28.78149539,53.06358059,0.003,0.0,111559.69620495,0.003,0.0,2.221839046,1.054668764,0.0024,0.0,,0.0,normal_or_insufficient_data
SLV,El Salvador,2022,31870110000.0,2.95460411,5074.60050994,7.19861616,2.999,88.70113721,32.43349333,56.26764388,0.003,0.0,117073.18597845,0.003,0.0,2.363236052,2.29192119,0.003,0.0,,0.0,normal_or_insufficient_data
SLV,El Salvador,2023,33565430000.0,3.35508722,5319.71952687,4.04554694,2.992,79.81226518,28.79185519,51.02040999,0.003,0.0,124767.81381719,0.003,0.0,2.551764652,2.882964576,0.003,0.0,,0.0,normal_or_insufficient_data
SLV,El Salvador,2024,34879730000.0,2.59046371,5503.10317152,0.85378229,3.261,85.68257266,32.65985717,53.02271549,0.003,0.0,124880.27707378,0.003,0.0,2.582363076,3.038656206,0.003,0.0,,0.0,normal_or_insufficient_data
SLV,El Salvador,2025,36708110000.0,3.90594189,5766.72574029,0.25757053,3.303,88.15806643,32.04656955,56.11149689,0.003,0.0,,0.003,0.0,4.942171726,3.164488354,0.003,0.0,,0.0,normal_or_insufficient_data
SMR,San Marino,2021,1855395712.2147,13.89778576,54168.97443112,1.61551412,,342.47017102,184.31427996,158.15589107,,,,,,2.213545646,0.826453108,,,,,normal_or_insufficient_data
SMR,San Marino,2022,1831701022.87082,7.89844678,54264.58370229,5.32545321,,370.43607699,197.41235446,173.02372253,,,,,,3.741583022,1.688717124,,,,,normal_or_insufficient_data
SMR,San Marino,2023,2027243193.5116,0.40193237,59871.32881015,5.93190859,,340.98340012,185.99279728,154.99060284,,,,,,3.523188696,2.642431798,,,,,normal_or_insufficient_data
SMR,San Marino,2024,,,,1.24216508,,,,,,,,,,3.8875631625,2.79633442,,,,,normal_or_insufficient_data
SMR,San Marino,2025,,,,2.29519525,,,,,,,,,,7.399388303333334,3.28204725,,,,,normal_or_insufficient_data
SOM,"Somalia, Fed. Rep.",2021,9483000000.0,3.4471985,549.05699476,,19.662,79.09944111,16.15522514,62.94421597,0.0,0.0,20809.68952479,0.0,0.0,4.054617068,,0.0,,,,normal_or_insufficient_data
SOM,"Somalia, Fed. Rep.",2022,10203000000.0,2.71821202,573.1411658,,19.112,90.75762031,17.68107419,73.07654611,0.0,0.0,22792.46653918,0.0,0.0,1.651100352,,0.0,,,,normal_or_insufficient_data
SOM,"Somalia, Fed. Rep.",2023,10958000000.0,4.17524258,596.88598514,,18.96,103.12100748,21.93830991,81.18269757,0.0,0.0,23586.0584504,0.0,0.0,2.075285854,,0.0,,,,normal_or_insufficient_data
SOM,"Somalia, Fed. Rep.",2024,11967000000.0,4.11139336,629.53889945,,18.949,130.32506058,31.21082978,99.1142308,0.0,0.0,24161.0491193,0.0,0.0,2.3374979,,0.0,,,,normal_or_insufficient_data
SOM,"Somalia, Fed. Rep.",2025,12995200000.2658,2.99114404,661.17387772,,18.948,128.06343881,29.24849175,98.81494706,0.0,0.0,,0.0,0.0,3.4886381,,0.0,,,,normal_or_insufficient_data
SRB,Serbia,2021,66159884072.5308,7.9490565,9680.52798074,4.08510285,9.843,112.34229832,52.34040052,60.0018978,16.98580332,15.19918356,175679.55508649,17.93585683,16.30225683,3.752398786,2.52015377,18.40755203,-5.296950789721485,-6.766383829569443,89.48168817016538,normal_or_insufficient_data
SRB,Serbia,2022,66809895701.2152,2.70347706,10024.81911126,11.98151173,8.439,131.91329228,60.7381675,71.17512478,15.9315541,14.16975342,192261.22433805,16.98580332,15.19918356,3.820413572,4.290243618,17.65708285,-6.206649165416099,-6.7729305060119955,88.9414386760925,normal_or_insufficient_data
SRB,Serbia,2023,81343999280.0179,3.74793304,12281.70794617,12.37190436,8.268,114.49206464,55.07460981,59.41745483,15.01653831,13.2099863,187147.78009218,15.9315541,14.16975342,3.64013011,6.372656338,16.919590512,-5.743418277065638,-6.773350894344638,87.96958411648737,production_below_trend
SRB,Serbia,2024,90088366320.4062,3.94992623,13677.77948639,4.67052975,7.24,111.72502839,53.58376671,58.14126168,14.10278357,12.31618033,190368.78120576,15.01653831,13.2099863,3.480073768,6.936916318,15.994507226,-6.084989237442967,-6.766138508410111,87.33155599295637,production_below_trend
SRB,Serbia,2025,99953324472.9042,2.03039196,15262.04641934,3.89036786,7.123,112.92349061,54.3130854,58.61040521,13.22542923,11.48091781,,14.10278357,12.31618033,4.076156958,7.39988331,15.052421706,-6.22114305055594,-6.781830873046335,86.80941548541333,production_below_trend
SSA,Sub-Saharan Africa (excluding high income),2021,2138242804315.06,3.58478965,1784.88774855,4.25936418,6.84750929,55.6113533,22.87866198,22.24184822,,,,,,1.628607838,4.028392428,,,,,normal_or_insufficient_data
SSA,Sub-Saharan Africa (excluding high income),2022,2288209678021.0,4.0283747,1863.26040059,9.52526629,6.08211611,58.85211467,24.34127093,24.70208739,,,,,,1.933627748,4.893855324,,,,,normal_or_insufficient_data
SSA,Sub-Saharan Africa (excluding high income),2023,2115430662235.11,2.71209039,1680.66097936,7.05298238,5.76152901,57.15314524,24.81996428,26.25252452,,,,,,1.91760044,5.485856162,,,,,normal_or_insufficient_data
SSA,Sub-Saharan Africa (excluding high income),2024,1987702493350.57,3.61639391,1541.07573423,4.36115247,5.67113584,55.54270062,27.94469123,28.55326263,,,,,,2.131645132,5.736540198,,,,,normal_or_insufficient_data
SSA,Sub-Saharan Africa (excluding high income),2025,2208834023249.31,4.13764838,1671.41989803,3.45723999,5.66118666,,27.7925023,27.80414145,,,,,,3.615859406,5.731201062,,,,,normal_or_insufficient_data
SSD,South Sudan,2021,,,,10.51671583,13.95,,,,157.12214203,157.12214203,26120.81958576,162.53085854,162.53085854,,79.75741666,156.53612337,-3.3278089826055255,-3.3278089826055255,100.0,normal_or_insufficient_data
SSD,South Sudan,2022,,,,-6.68732094,12.475,,,,155.10958631,155.10958631,24502.96528968,157.12214203,157.12214203,,40.849626416,157.533087464,-1.280886127186157,-1.280886127186157,100.0,normal_or_insufficient_data
SSD,South Sudan,2023,,,,2.38280435,12.374,,,,146.21014695,146.21014695,25609.32850841,155.10958631,155.10958631,,24.625881388,155.616607068,-5.737517307417542,-5.737517307417542,100.0,normal_or_insufficient_data
SSD,South Sudan,2024,,,,91.44082208,,,,,78.90710383,78.90710383,26250.89731633,146.21014695,146.21014695,,25.465772974,139.975967532,-46.03171840256467,-46.03171840256467,100.0,production_below_trend
SSD,South Sudan,2025,,,,,,,,,112.65753425,112.65753425,,78.90710383,78.90710383,,24.41325533,130.001302674,42.77235987866569,42.77235987866569,100.0,production_below_trend
SSF,Sub-Saharan Africa,2021,2139729978109.87,3.58194129,1785.98118191,4.43905481,6.84750929,55.75218133,22.92375592,22.30054066,,,,,,1.628148026,3.960558618,,,,,normal_or_insufficient_data
SSF,Sub-Saharan Africa,2022,2290209566620.26,4.03371067,1864.70686112,9.45801281,6.08211611,58.99940358,24.40952219,24.7721178,,,,,,1.93339919,4.814923868,,,,,normal_or_insufficient_data
SSF,Sub-Saharan Africa,2023,2117602210170.5,2.71446692,1682.22614881,6.69759991,5.76152901,57.29373396,24.89399425,26.33160363,,,,,,1.91742641,5.37217697,,,,,normal_or_insufficient_data
SSF,Sub-Saharan Africa,2024,1989931102034.87,3.61612792,1542.65844262,4.30009585,5.67113584,55.6767656,28.01494529,28.63312556,,,,,,2.130824128,5.658678534,,,,,normal_or_insufficient_data
SSF,Sub-Saharan Africa,2025,2211221046102.8,4.13928145,1673.07077574,3.40373458,5.66118666,,27.85824949,27.87799852,,,,,,3.61710565,5.659699592,,,,,normal_or_insufficient_data
SST,Small states,2021,244321758053.768,7.2942105,12435.86128301,2.41070312,8.8267606,137.2685666,75.76775786,71.40494158,,,,,,2.004995392,1.639132726,,,,,normal_or_insufficient_data
SST,Small states,2022,270875639826.53,7.42838535,13644.50298345,6.27689319,8.21647081,153.29386886,80.86506975,76.01649863,,,,,,2.848062852,2.54453201,,,,,normal_or_insufficient_data
SST,Small states,2023,287664662032.448,5.02859646,14360.78575741,5.06713865,7.6614108,143.74178506,77.54375788,72.70358748,,,,,,3.177433872,3.131834192,,,,,normal_or_insufficient_data
SST,Small states,2024,311165525991.05,6.06796967,15409.26485608,2.34358923,7.6806761,139.8124105,74.73763862,70.55939753,,,,,,3.768772928,3.339462104,,,,,normal_or_insufficient_data
SST,Small states,2025,337311651764.509,4.39108111,16577.84507571,2.25357866,7.75850083,,74.93789324,70.2110436,,,,,,6.042048618,3.67038057,,,,,normal_or_insufficient_data
STP,Sao Tome and Principe,2021,524402455.54816,1.89929891,2362.58827248,8.13777038,9.563,57.94034732,15.10227116,42.83807616,0.0,0.0,2350.88600137,0.0,0.0,3.005916574,7.847247208,0.0,,,,normal_or_insufficient_data
STP,Sao Tome and Principe,2022,540809499.189348,0.16869849,2389.73729785,18.00563511,8.964,64.99203791,19.67229508,45.31974283,0.0,0.0,2073.22695263,0.0,0.0,2.21706034,10.31031499,0.0,,,,normal_or_insufficient_data
STP,Sao Tome and Principe,2023,690456806.696406,0.37225278,2990.66061435,21.25891385,9.032,46.97457873,14.24380218,32.73077655,0.0,0.0,2371.55454552,0.0,0.0,1.41588528,12.988378502,0.0,,,,normal_or_insufficient_data
STP,Sao Tome and Principe,2024,824992558.045383,1.47888851,3502.61768072,14.35192736,9.057,44.27891248,15.56220803,28.71670446,0.0,0.0,2649.16929246,0.0,0.0,1.308799638,14.314714924,0.0,,,,normal_or_insufficient_data
STP,Sao Tome and Principe,2025,981293586.906408,1.02847453,4084.40062145,11.04743623,9.132,46.56863089,13.26365483,33.30497607,0.0,0.0,,0.0,0.0,0.989522644,14.560336586,0.0,,,,normal_or_insufficient_data
SUR,Suriname,2021,3107923197.96954,-2.43538584,5029.84838544,59.11966263,8.706,,,,14.27260384,14.77014247,34927.28638311,15.0727623,15.5277623,-2.145735774,38.66879665333333,15.184073228,-5.308638483604296,-4.879130781130002,103.4859695930578,normal_or_insufficient_data
SUR,Suriname,2022,3791603200.0259,2.40622236,6084.43876736,52.44602728,7.973,,,,13.55809826,14.04880548,37394.47119111,14.27260384,14.77014247,-1.977698868,48.818491406666666,14.78949288,-5.006133344761849,-4.883751063776977,103.61929240067332,normal_or_insufficient_data
SUR,Suriname,2023,3472693412.08497,2.41659215,5521.97602123,51.58731596,7.699,,,,13.23233265,13.73459146,31707.07656142,13.55809826,14.04880548,-2.484034654,49.510697545,14.33095941,-2.40273822886426,-2.2365888718960325,103.79569364891987,normal_or_insufficient_data
SUR,Suriname,2024,4416775112.72266,1.72095749,6961.7895606,16.22961591,7.621,,,,12.52645866,13.01102646,31837.19659972,13.23233265,13.73459146,-2.37336111,42.854481218,13.732451142,-5.334463761383749,-5.2681945590247645,103.86835428234272,normal_or_insufficient_data
SUR,Suriname,2025,4523657796.86421,1.79169153,7069.87230892,9.20546819,7.834,,,,11.65995622,12.08945096,,12.52645866,13.01102646,1.180015538,37.717617994,13.049889926,-6.917377556730786,-7.083034554062386,103.68350216670025,production_below_trend
SVK,Slovak Republic,2021,120511265913.343,5.65585881,22123.33421145,3.1496063,6.894,181.97948449,90.76186176,91.21762273,6.41487843,0.09142192,199839.76889901,5.28525191,0.08011202,2.456619716,2.315418382,6.338536478,21.37318219142368,14.117606821048826,1.4251543657079095,normal_or_insufficient_data
SVK,Slovak Republic,2022,115792972358.209,0.54459163,21317.79439824,12.77414636,6.143,204.05631853,99.06749339,104.98882514,6.67201534,0.04309863,202510.8809293,6.41487843,0.09142192,1.990591388,4.607858478,5.895843382,4.00844556613055,-52.85744381653765,0.645961194687541,normal_or_insufficient_data
SVK,Slovak Republic,2023,133578518423.544,2.11263633,24614.87346428,10.53194766,5.843,181.39087236,91.49355613,89.89731622,9.72537749,0.02841918,198474.6254537,6.67201534,0.04309863,1.60069469,6.211440584,6.64603477,45.763715974909616,-34.06013137772593,0.2922167291626641,normal_or_insufficient_data
SVK,Slovak Republic,2024,140934076532.375,1.93867446,25992.6748502,2.75760909,5.3,171.21280015,85.48349896,85.7293012,9.81369765,0.02457377,180028.12470513,9.72537749,0.02841918,1.533249762,6.230050136,7.582244164,0.9081412016223959,-13.531037841345176,0.2504027623064177,normal_or_insufficient_data
SVK,Slovak Republic,2025,154530066506.895,0.80741869,28543.66534398,4.00042823,5.359,170.3424964,85.09462941,85.24786699,8.94983309,0.01855616,195034.77901705,9.81369765,0.02457377,2.211835984,6.642747528,8.3151604,-8.80264086799128,-24.48793978294743,0.20733526327696017,normal_or_insufficient_data
SVN,Slovenia,2021,61540813361.8556,8.41686458,29192.8401933,1.91706506,4.744,161.78872751,83.69994179,78.08878572,0.00413699,0.00413699,107645.20011658,0.0,0.0,3.478120516,1.33208938,0.000827398,,,100.0,normal_or_insufficient_data
SVN,Slovenia,2022,59899117741.0022,2.66850556,28360.30414673,8.83369887,4.011,186.64707627,94.31625942,92.33081685,0.0,0.0,111000.72950213,0.00413699,0.00413699,2.976941196,2.813007668,0.000827398,-100.0,-100.0,,production_below_trend
SVN,Slovenia,2023,69255264238.3855,2.37583266,32660.47535813,7.44687717,3.652,160.1596693,83.43827373,76.72139557,0.0,0.0,104151.84292076,0.0,0.0,2.576291034,3.954661378,0.000827398,,,,production_below_trend
SVN,Slovenia,2024,72972015197.3859,1.73139722,34301.03186866,1.96562656,3.7,155.65792868,80.91738949,74.74053919,0.0,0.0,108903.28115307,0.0,0.0,2.221519814,4.021682168,0.000827398,,,,production_below_trend
SVN,Slovenia,2025,79648204979.3618,1.05992996,37376.22160791,2.37284807,3.175,151.91536884,78.63947078,73.27589806,0.0,0.0,114668.17096312,0.0,0.0,3.250505996,4.507223146,0.000827398,,,,production_below_trend
SWE,Sweden,2021,631693331300.776,5.2258643,60647.54163653,2.16319736,8.803,91.11023744,47.48423703,43.62600041,13.3366516,0.0,652043.21682359,13.1019,0.0,1.910674918,1.63855,14.16065032,1.7917370763019105,,0.0,normal_or_insufficient_data
SWE,Sweden,2022,575071237640.921,1.2554362,54836.89072351,8.36929099,7.417,107.11175183,54.31206336,52.79968847,13.29855652,0.0,607886.95602614,13.3366516,0.0,1.785197788,2.953508388,13.501261624,-0.28564201227240577,,0.0,normal_or_insufficient_data
SWE,Sweden,2023,578990915246.07,-0.2040613,54950.28347256,8.5486249,7.611,107.61970944,55.19587797,52.42383147,13.36582846,0.0,596199.40390589,13.29855652,0.0,1.390334458,4.272526308,13.269967316,0.5058589622026135,,0.0,normal_or_insufficient_data
SWE,Sweden,2024,604827393488.582,1.01779633,57222.7100565,2.83581658,8.4,105.96749231,54.49713968,51.47035263,13.92670136,0.0,599716.60220434,13.36582846,0.0,1.072247698,4.48285943,13.405927588,4.196319754353633,,0.0,normal_or_insufficient_data
SWE,Sweden,2025,668998664082.081,1.54316373,63133.21267367,0.67986929,8.694,104.33521019,53.22860336,51.10660683,13.91781283,0.0,609950.44063202,13.92670136,0.0,1.767639852,4.519359824,13.569110154,-0.06382365622867064,,0.0,normal_or_insufficient_data
SWZ,Eswatini,2021,4807069277.20114,4.23621914,3984.00229174,,34.153,89.93138749,44.61257018,45.31881731,0.0,0.0,12480.18182673,0.0,0.0,2.260520524,4.54481772,0.0,,,,normal_or_insufficient_data
SWZ,Eswatini,2022,4746660273.50829,0.38607084,3894.16200899,,36.472,92.57158713,44.49539372,48.07619341,0.0,0.0,13042.5476973,0.0,0.0,1.633544,3.706538935,0.0,,,,normal_or_insufficient_data
SWZ,Eswatini,2023,4621191261.84214,3.53257663,3755.52111232,,34.61,99.72461108,48.50102233,51.22358875,0.0,0.0,13009.55610078,0.0,0.0,2.326980194,2.5980162,0.0,,,,normal_or_insufficient_data
SWZ,Eswatini,2024,4858885840.77236,3.03162462,3909.55892378,,34.643,107.48062105,53.75589187,53.72472918,0.0,0.0,13361.26767347,0.0,0.0,1.64693134,,0.0,,,,normal_or_insufficient_data
SWZ,Eswatini,2025,5160679612.81734,4.19391756,4108.25221093,,34.202,,,,0.0,0.0,,0.0,0.0,3.076081758,,0.0,,,,normal_or_insufficient_data
SXM,Sint Maarten (Dutch part),2021,1353071061.45251,4.57759678,32548.43668549,,,,,,,,,,,-2.433277598,2.19201011,,,,,normal_or_insufficient_data
SXM,Sint Maarten (Dutch part),2022,1592564636.87151,13.90000126,37793.12838158,,,,,,,,,,,1.853765454,,,,,,normal_or_insufficient_data
SXM,Sint Maarten (Dutch part),2023,1686525977.65363,3.7999977,39451.82291173,,,,,,,,,,,3.985161592,,,,,,normal_or_insufficient_data
SXM,Sint Maarten (Dutch part),2024,1797836648.04469,3.0000009,41472.58703679,,,,,,,,,,,2.392161584,,,,,,normal_or_insufficient_data
SXM,Sint Maarten (Dutch part),2025,1887728480.44693,3.4,42978.1317407,,,,,,,,,,,5.735519328,,,,,,normal_or_insufficient_data
SYC,Seychelles,2021,1487173794.80528,0.55228163,14982.91114878,9.76909937,,183.77081501,80.26387147,103.50694354,0.0,0.0,11982.0161048,0.0,0.0,1.244069556,3.867714434,0.0,,,,normal_or_insufficient_data
SYC,Seychelles,2022,1999888599.25474,9.88048366,16682.69907118,2.62603633,,191.57884389,90.95338145,100.62546244,0.0,0.0,12676.28505806,0.0,0.0,1.82933385,3.821562548,0.0,,,,normal_or_insufficient_data
SYC,Seychelles,2023,2171547935.38159,5.17980997,18130.52971355,-1.03530088,,183.84211655,85.50614139,98.33597517,0.0,0.0,13981.83227121,0.0,0.0,1.8774013,2.873918694,0.0,,,,normal_or_insufficient_data
SYC,Seychelles,2024,2228608684.29911,3.34667429,18364.52596782,0.31172605,,175.87298261,80.57788456,95.29509805,0.0,0.0,14492.45475167,0.0,0.0,1.443877744,2.574845102,0.0,,,,normal_or_insufficient_data
SYC,Seychelles,2025,2387022853.48583,5.7979567,19449.38363469,0.29758966,,172.28733997,79.61877667,92.6685633,0.0,0.0,,0.0,0.0,4.95144125,2.393830106,0.0,,,,normal_or_insufficient_data
SYR,Syrian Arab Republic,2021,14892885528.1402,1.789692,688.56610973,,14.887,59.00201225,14.95082044,44.05119181,77.75842318,70.80273973,252617.01320699,53.39153825,46.0273224,0.927044342,10.81127293,44.731617492,45.638102457181034,53.827631150666285,91.05475244283367,normal_or_insufficient_data
SYR,Syrian Arab Republic,2022,23737634644.3994,-0.20247264,1056.78264718,,13.245,35.43724215,6.77718956,28.66005259,92.43000321,85.70684932,245699.57116096,77.75842318,70.80273973,1.031219074,7.17927458,58.341018134,18.868155281437897,21.050187671883187,92.72622129556237,normal_or_insufficient_data
SYR,Syrian Arab Republic,2023,,,,,13.27,,,,61.43433377,55.0,269001.60857584,92.43000321,85.70684932,0.9407155325,13.41756532,64.474188998,-33.53420790171148,-35.827765882923956,89.5264856389766,sharp_production_decline
SYR,Syrian Arab Republic,2024,,,,,13.359,,,,60.36469367,54.15300546,271881.53112788,61.43433377,55.0,0.8473779833333334,,69.075798416,-1.7411112554822452,-1.5399900727272726,89.70973290453874,production_below_trend
SYR,Syrian Arab Republic,2025,,,,,13.569,,,,81.23465457,75.24657534,,60.36469367,54.15300546,0.79360968,,74.64442168,34.573124836997124,38.95179907527149,92.62866413146367,normal_or_insufficient_data
TCA,Turks and Caicos Islands,2021,1236459000.0,29.62937817,27329.28850872,,,,,,0.0,0.0,6811.74655071,0.0,0.0,16.426924564,,0.0,,,,normal_or_insufficient_data
TCA,Turks and Caicos Islands,2022,1434119000.0,14.08712342,31280.54180208,,,,,,0.0,0.0,6777.22512321,0.0,0.0,4.326751638,,0.0,,,,normal_or_insufficient_data
TCA,Turks and Caicos Islands,2023,1638653000.0,13.73114811,35470.21516083,,,,,,0.0,0.0,6811.91535965,0.0,0.0,5.72245157,,0.0,,,,normal_or_insufficient_data
TCA,Turks and Caicos Islands,2024,1745378000.0,5.63682517,37506.77984313,,,,,,0.0,0.0,6846.43446602,0.0,0.0,5.853475506,,0.0,,,,normal_or_insufficient_data
TCA,Turks and Caicos Islands,2025,,,,,,,,,0.0,0.0,,0.0,0.0,15.7711187175,,0.0,,,,normal_or_insufficient_data
TCD,Chad,2021,16871937697.5854,0.29344265,946.35850021,-0.77284437,1.53,43.9465041,26.2833493,17.66315481,105.52328767,105.52328767,29553.82362237,122.75409836,122.75409836,1.881252936,1.091376636,123.142348512,-14.036851657259811,-14.036851657259811,100.0,production_below_trend
TCD,Chad,2022,17828508289.6049,4.12969898,966.03646828,5.78802688,1.081,47.98837843,31.73534411,16.25303432,109.56438356,109.56438356,29632.24592389,105.52328767,105.52328767,3.030686578,2.556401938,119.471401824,3.8295773181722743,3.8295773181722743,100.0,normal_or_insufficient_data
TCD,Chad,2023,18352937976.2179,3.99861309,949.99105424,10.83635684,1.059,46.86264888,29.10158936,17.76105952,124.0109589,124.0109589,27123.15429743,109.56438356,109.56438356,2.682186034,3.868748908,117.970545698,13.185466727961574,13.185466727961574,100.0,normal_or_insufficient_data
TCD,Chad,2024,19906706689.7582,4.95210485,980.66831211,8.89950732,1.053,44.55593538,27.68556274,16.87037264,127.25409836,127.25409836,27814.93352988,124.0109589,124.0109589,2.596042598,5.843038208,117.82136537,2.61520392130441,2.61520392130441,100.0,normal_or_insufficient_data
TCD,Chad,2025,21472835225.4338,5.58988022,1022.33559391,-3.91198124,1.057,46.1321498,29.41405777,16.71809203,126.49041096,126.49041096,,127.25409836,127.25409836,3.792747958,4.167813086,118.56862789,-0.6001279407438331,-0.6001279407438331,100.0,normal_or_insufficient_data
TEA,East Asia & Pacific (IDA & IBRD countries),2021,21205167482133.0,7.71993891,10086.40825813,2.61248186,4.14006543,44.76867177,22.99594839,21.06174425,,,,,,5.630453006,2.547835808,,,,,normal_or_insufficient_data
TEA,East Asia & Pacific (IDA & IBRD countries),2022,21537381722236.2,3.54911034,10220.55666816,5.82115811,4.2471164,46.84413357,24.39615033,21.85761727,,,,,,5.006998274,3.1354851,,,,,normal_or_insufficient_data
TEA,East Asia & Pacific (IDA & IBRD countries),2023,21618798469116.3,5.26006474,10240.34746769,5.93194206,3.98514804,45.07421111,23.31187767,21.44166552,,,,,,4.751443442,3.738391556,,,,,normal_or_insufficient_data
TEA,East Asia & Pacific (IDA & IBRD countries),2024,22221295178065.7,4.95413752,10508.24620821,2.20662023,3.91959262,46.59694101,24.56014659,21.99676709,,,,,,4.565308706,3.79307293,,,,,normal_or_insufficient_data
TEA,East Asia & Pacific (IDA & IBRD countries),2025,23218679986475.4,4.94449693,10965.82656461,1.91333443,3.92396383,46.88513859,25.5201399,21.82749225,,,,,,5.285549688,3.697107338,,,,,normal_or_insufficient_data
TEC,Europe & Central Asia (IDA & IBRD countries),2021,4627341470532.29,7.5972568,9992.0052162,5.10641129,6.78803635,70.04957869,38.27512906,34.5674746,,,,,,3.435547644,3.251436336,,,,,normal_or_insufficient_data
TEC,Europe & Central Asia (IDA & IBRD countries),2022,5264957389633.5,1.97113682,11422.16226135,13.85225901,5.62584538,72.69185041,38.83777194,34.346778,,,,,,2.953847302,5.39567564,,,,,normal_or_insufficient_data
TEC,Europe & Central Asia (IDA & IBRD countries),2023,5535571828711.02,3.83191988,12070.59429698,9.3618725,5.07696318,65.65938334,34.90489949,34.19398754,,,,,,2.957272732,6.745805384,,,,,normal_or_insufficient_data
TEC,Europe & Central Asia (IDA & IBRD countries),2024,6147416367408.77,4.03167528,13364.44868761,4.23056936,4.71563232,60.29199576,32.28716341,31.54890601,,,,,,3.197378252,7.05672085,,,,,normal_or_insufficient_data
TEC,Europe & Central Asia (IDA & IBRD countries),2025,7077191807196.39,2.84310558,15300.07022297,5.10146572,4.62126732,55.65179301,29.23659094,29.7382564,,,,,,4.055018872,7.530515576,,,,,normal_or_insufficient_data
TGO,Togo,2021,8541668141.26198,5.13562929,1076.29520077,4.18621507,2.344,56.37755808,23.13429606,33.24326202,0.0,0.0,27553.63818641,0.0,0.0,4.203443826,1.301203606,0.0,,,,normal_or_insufficient_data
TGO,Togo,2022,8646453099.4124,6.29443692,1071.61539221,7.96757362,1.965,61.5750924,25.00921049,36.56588191,0.0,0.0,28103.60715071,0.0,0.0,4.66074869,3.091096304,0.0,,,,normal_or_insufficient_data
TGO,Togo,2023,9723300576.72675,6.19762969,1182.32951437,5.48928568,1.942,59.9291777,24.5820518,35.34712591,0.0,0.0,31367.65454307,0.0,0.0,4.941237962,4.003402354,0.0,,,,normal_or_insufficient_data
TGO,Togo,2024,10643440332.2445,6.52651377,1266.08777721,2.86262074,1.948,,,,0.0,0.0,32241.78625292,0.0,0.0,5.262642196,4.440995948,0.0,,,,normal_or_insufficient_data
TGO,Togo,2025,11889949067.4697,6.31032672,1383.8997493,0.43318345,1.995,,,,0.0,0.0,,0.0,0.0,6.092907278,4.187775712,0.0,,,,normal_or_insufficient_data
THA,Thailand,2021,506049783824.94,1.55858232,7055.18760721,1.23104517,1.215,117.13147218,58.42111244,58.71035974,460.59804744,176.98430411,2666613.25885789,488.63191858,202.11671858,1.196125662,0.564346492,506.01808345,-5.737216516978358,-12.434604443695397,38.424892396673684,normal_or_insufficient_data
THA,Thailand,2022,495691837308.033,2.63784214,6910.00995211,6.07589953,0.94,132.81345829,65.333832,67.47962629,420.95986776,143.08263562,2738608.79316249,460.59804744,176.98430411,0.888157884,1.64664337,482.942022372,-8.605807145798526,-19.155183653421208,33.989614350025185,production_below_trend
THA,Thailand,2023,517013369475.121,2.24883438,7210.54130833,1.22908987,0.733,128.79235969,65.51358827,63.27877142,406.92006768,136.64528219,2731960.69632508,420.95986776,143.08263562,0.493350702,1.67909437,460.426021936,-3.3351873076899694,-4.499045884992205,33.58037438877485,production_below_trend
THA,Thailand,2024,529385520941.539,2.94859987,7386.63615126,0.39833333,0.781,135.72493584,69.67262917,66.05230667,393.24271452,153.03114754,2800520.33679509,406.92006768,136.64528219,0.660159116,1.617656076,434.070523196,-3.361189149008941,11.991533909832382,38.91518949735481,normal_or_insufficient_data
THA,Thailand,2025,577009981112.015,2.44247445,8056.56359762,-0.13363436,0.781,138.41368601,71.14809761,67.2655884,395.82379871,161.57890411,,393.24271452,153.03114754,2.367266632,1.760146708,415.508899222,0.6563590613879582,5.585631884362461,40.820916942485475,normal_or_insufficient_data
TJK,Tajikistan,2021,8937805347.13963,9.39999955,896.74805337,,7.687,71.82593744,24.18192989,47.64400755,0.31018146,0.316,53111.48524449,0.31068,0.316,7.180000028,,0.310440292,-0.1604673619157976,0.0,101.87585034901828,normal_or_insufficient_data
TJK,Tajikistan,2022,10713525200.3998,8.00000034,1052.17949485,,7.051,65.43551159,16.35312405,49.08238754,0.3102625,0.316,59580.10125554,0.31018146,0.316,7.360000012,,0.310388792,0.02612664212748241,0.0,101.84924056242698,normal_or_insufficient_data
TJK,Tajikistan,2023,12244169292.7998,8.29999922,1178.4799006,,7.037,65.63470104,17.19183746,48.44286358,0.31110982,0.316,63157.43693278,0.3102625,0.316,7.500000078,,0.310520756,0.2730977801055558,0.0,101.57185009460646,normal_or_insufficient_data
TJK,Tajikistan,2024,14425113699.7925,8.39999981,1362.02559982,,7.041,59.08993163,11.21264778,47.87728385,0.31309357,0.316,63157.43693278,0.31110982,0.316,7.700000008,,0.31106547,0.6376365747632139,0.0,100.92829437538433,normal_or_insufficient_data
TJK,Tajikistan,2025,17660626562.4832,8.40000053,1637.25429425,,6.931,,,,0.316,0.316,,0.31309357,0.316,8.49999989,,0.31212947,0.92829437538433,0.0,100.0,normal_or_insufficient_data
TKM,Turkmenistan,2021,26334182093.7903,6.15115786,3713.20113172,,4.458,33.41245285,20.78092655,12.6315263,252.7299807,196.401505,288721.79467442,240.01084645,186.76004645,6.2021834,,256.70722934,5.299399772188921,5.162484553451448,77.71199303541908,normal_or_insufficient_data
TKM,Turkmenistan,2022,37583913148.2791,6.23491365,5198.1894741,,4.017,37.81072259,25.17587805,12.63484454,255.01837866,195.109055,295260.12350092,252.7299807,196.401505,6.158889412,,253.686103738,0.9054715050670679,-0.6580652220562159,76.50784073885383,normal_or_insufficient_data
TKM,Turkmenistan,2023,39020211239.6728,6.3187985,5298.46421949,,4.007,34.17940355,21.67532026,12.5040833,274.67961557,190.65793,298355.18259738,255.01837866,195.109055,6.181444384,,254.79083961,7.709733319343659,-2.2813523442056547,69.41102258511509,normal_or_insufficient_data
TKM,Turkmenistan,2024,44249447717.2312,6.28235648,5904.25772577,,4.02,28.73452374,17.5725615,11.16196224,274.65352791,190.65793,298355.18259738,274.67961557,190.65793,6.171576544,,259.418469858,-0.009497486715883276,0.0,69.417615513927,normal_or_insufficient_data
TKM,Turkmenistan,2025,49828621355.6516,6.30000004,6540.17876401,,4.267,28.16607129,14.47064213,13.69542916,274.64182949,190.65793,,274.65352791,190.65793,6.257445306,,266.344666466,-0.004259337241731482,0.0,69.42057237021939,normal_or_insufficient_data
TLA,Latin America & the Caribbean (IDA & IBRD countries),2021,5119629917733.74,7.27596088,8076.87634034,4.26105127,9.26330032,51.48080964,27.00753506,28.18331217,,,,,,0.74370676,2.65430329,,,,,normal_or_insufficient_data
TLA,Latin America & the Caribbean (IDA & IBRD countries),2022,5853946060777.18,4.12386673,9177.79711881,8.2747749,7.0155695,54.71265406,27.9929768,29.97996583,,,,,,1.244207894,3.744706658,,,,,normal_or_insufficient_data
TLA,Latin America & the Caribbean (IDA & IBRD countries),2023,6590712953369.3,2.28058561,10259.54872089,4.70881783,6.26268991,46.89148034,25.02131159,25.38722154,,,,,,1.438779854,4.221641254,,,,,normal_or_insufficient_data
TLA,Latin America & the Caribbean (IDA & IBRD countries),2024,6755669283863.94,2.27782988,10441.46857824,3.62770737,5.93088528,47.8473408,25.61608338,25.8020419,,,,,,1.83531384,4.527973458,,,,,normal_or_insufficient_data
TLA,Latin America & the Caribbean (IDA & IBRD countries),2025,7050566084338.85,2.35638243,10822.59292476,2.30758627,5.50986635,48.62498606,26.11416479,26.35361143,,,,,,3.662925106,4.635987528,,,,,normal_or_insufficient_data
TLS,Timor-Leste,2021,3625024300.0,5.36980119,2684.92673717,3.69792095,2.344,99.86000094,63.51278804,36.3472129,12.0,12.0,9165.85047243,14.0,14.0,11.531901896,1.669184092,17.0,-14.285714285714286,-14.285714285714286,100.0,production_below_trend
TLS,Timor-Leste,2022,3208599900.0,-20.52248023,2343.24955543,7.00530945,1.537,97.62110882,55.61193529,42.00917353,10.0,10.0,9739.31553056,12.0,12.0,8.063888894,2.958802874,14.8,-16.666666666666668,-16.666666666666668,100.0,production_below_trend
TLS,Timor-Leste,2023,2079767200.0,-18.13590491,1502.41149589,8.42035103,1.525,89.3046491,22.92309447,66.38155463,5.0,5.0,9664.80748625,10.0,10.0,4.530008346,4.115578678,12.8,-50.0,-50.0,100.0,production_below_trend
TLS,Timor-Leste,2024,1865608515.41321,-9.1006929,1331.97051302,2.06284153,1.523,95.44850301,10.55755258,84.89095043,2.0,2.0,9993.44050345,5.0,5.0,-2.132707036,4.336384436,8.6,-60.0,-60.0,100.0,production_below_trend
TLS,Timor-Leste,2025,1902180257.82737,6.97538939,1340.96401934,0.42832285,1.592,,,,2.0,2.0,,2.0,2.0,-7.082777492,4.322949162,6.2,0.0,0.0,100.0,production_below_trend
TMN,"Middle East, North Africa, Afghanistan & Pakistan (IDA & IBRD)",2021,1926549742702.15,4.31282389,2754.03924421,5.46019981,9.58930431,49.16143628,21.52898137,26.08663948,,,,,,1.736282246,4.326776762,,,,,normal_or_insufficient_data
TMN,"Middle East, North Africa, Afghanistan & Pakistan (IDA & IBRD)",2022,2146516410516.43,4.32239563,3017.03706402,8.78598838,8.8359806,57.41092584,26.62227963,28.83482105,,,,,,1.917038126,5.088784136,,,,,normal_or_insufficient_data
TMN,"Middle East, North Africa, Afghanistan & Pakistan (IDA & IBRD)",2023,2075559724252.19,2.92442457,2867.14499885,7.70665764,8.5920992,55.9898773,26.09062717,29.36860043,,,,,,2.080869836,5.737653448,,,,,normal_or_insufficient_data
TMN,"Middle East, North Africa, Afghanistan & Pakistan (IDA & IBRD)",2024,2181664562518.61,2.43947658,2962.6009458,3.32890533,8.7065733,55.8354754,24.58172733,31.28658805,,,,,,2.289621042,5.802356616,,,,,normal_or_insufficient_data
TMN,"Middle East, North Africa, Afghanistan & Pakistan (IDA & IBRD)",2025,2115722770483.32,1.98295262,2826.65540585,1.84166667,8.69378066,56.30259984,25.24303209,34.81453791,,,,,,3.196414658,5.424683566,,,,,normal_or_insufficient_data
TON,Tonga,2021,519306339.3498,-0.93491989,4922.8015864,5.64051141,2.111,68.54615175,11.08141381,57.46473794,0.0,0.0,2846.22417361,0.0,0.0,0.863240864,3.803895364,0.0,,,,normal_or_insufficient_data
TON,Tonga,2022,556514556.392844,-2.12854876,5298.01942454,10.97136529,2.002,70.12727183,10.76340554,59.36386629,0.0,0.0,2691.74289567,0.0,0.0,-0.20293284,4.494755854,0.0,,,,normal_or_insufficient_data
TON,Tonga,2023,591139733.623755,2.79014715,5651.59357939,6.3511298,1.652,79.6239257,14.74402109,64.87990461,0.0,0.0,3023.44190518,0.0,0.0,0.249530974,4.75856243,0.0,,,,normal_or_insufficient_data
TON,Tonga,2024,647488243.847291,1.71653808,6215.38990974,3.18188924,1.965,77.57947101,16.89912277,60.68034824,0.0,0.0,3286.59710111,0.0,0.0,0.649880746,5.159031608,0.0,,,,normal_or_insufficient_data
TON,Tonga,2025,679218218.578017,2.8,6547.18646814,5.59276642,2.008,,,,0.0,0.0,,0.0,0.0,0.848643316,6.347532432,0.0,,,,normal_or_insufficient_data
TSA,South Asia (IDA & IBRD),2021,3717045071947.61,9.2465996,2273.72055806,5.33853089,6.33048938,44.01454141,20.01149266,23.46729854,,,,,,4.306285384,4.420144844,,,,,normal_or_insufficient_data
TSA,South Asia (IDA & IBRD),2022,3834471492016.05,7.10115392,2326.72890586,7.18461997,4.86631705,49.38701829,22.56260992,26.21508359,,,,,,4.369692236,5.028743134,,,,,normal_or_insufficient_data
TSA,South Asia (IDA & IBRD),2023,4073084906363.46,6.78486404,2449.85714245,6.3825079,4.1622009,45.12971222,21.26461589,23.49530361,,,,,,4.447931778,5.638965682,,,,,normal_or_insufficient_data
TSA,South Asia (IDA & IBRD),2024,4364256137661.4,6.75761202,2601.82209529,3.72320612,4.19214669,44.39269795,20.76874572,23.2348823,,,,,,4.980545568,5.657816974,,,,,normal_or_insufficient_data
TSA,South Asia (IDA & IBRD),2025,4578021773987.28,7.12381421,2705.28227429,3.10423966,4.24320442,44.61870598,21.03772118,23.46492373,,,,,,7.402808758,5.146620908,,,,,normal_or_insufficient_data
TSS,Sub-Saharan Africa (IDA & IBRD countries),2021,2139729978109.87,3.58194129,1785.98118191,4.43905481,6.84750929,55.75218133,22.92375592,22.30054066,,,,,,1.628148026,3.960558618,,,,,normal_or_insufficient_data
TSS,Sub-Saharan Africa (IDA & IBRD countries),2022,2290209566620.26,4.03371067,1864.70686112,9.45801281,6.08211611,58.99940358,24.40952219,24.7721178,,,,,,1.93339919,4.814923868,,,,,normal_or_insufficient_data
TSS,Sub-Saharan Africa (IDA & IBRD countries),2023,2117602210170.5,2.71446692,1682.22614881,6.69759991,5.76152901,57.29373396,24.89399425,26.33160363,,,,,,1.91742641,5.37217697,,,,,normal_or_insufficient_data
TSS,Sub-Saharan Africa (IDA & IBRD countries),2024,1989931102034.87,3.61612792,1542.65844262,4.30009585,5.67113584,55.6767656,28.01494529,28.63312556,,,,,,2.130824128,5.658678534,,,,,normal_or_insufficient_data
TSS,Sub-Saharan Africa (IDA & IBRD countries),2025,2211221046102.8,4.13928145,1673.07077574,3.40373458,5.66118666,,27.85824949,27.87799852,,,,,,3.61710565,5.659699592,,,,,normal_or_insufficient_data
TTO,Trinidad and Tobago,2021,24222963262.7213,-0.71674063,17712.56741047,2.05922747,4.446,,,,81.62328915,59.84768127,48468.93880205,76.62429173,56.47127479,-2.97120069,1.311542086,85.664654674,6.524037360912778,5.978980450779372,73.32182014867996,normal_or_insufficient_data
TTO,Trinidad and Tobago,2022,28341164301.126,0.86126083,20750.52024347,5.82838639,4.383,,,,78.75860794,58.43570884,56496.75327905,81.62328915,59.84768127,-1.82439863,2.101142484,81.559734892,-3.5096370653914035,-2.3592767506395993,74.19596456620663,normal_or_insufficient_data
TTO,Trinidad and Tobago,2023,25036993423.3664,1.46645947,18308.45362986,4.62930242,3.361,,,,72.72641576,53.72623948,56262.83684596,78.75860794,58.43570884,-1.342016796,2.823289108,78.50905751,-7.659089384357141,-8.059232023512834,73.87444976980397,normal_or_insufficient_data
TTO,Trinidad and Tobago,2024,25633544529.4849,2.50920814,18733.41104065,0.52688463,3.318,,,,71.57176736,50.67338442,56314.8964669,72.72641576,53.72623948,-0.933722074,2.728557448,76.260874388,-1.5876602578771166,-5.682242214507585,70.80080077541905,normal_or_insufficient_data
TTO,Trinidad and Tobago,2025,25942749718.4685,-0.78776857,18967.27046367,0.99448999,3.329,,,,71.56603275,51.1995507,,71.57176736,50.67338442,0.666483848,2.80765818,75.249222592,-0.008012391214479017,1.0383484072011782,71.54169196279781,normal_or_insufficient_data
TUN,Tunisia,2021,47073234359.1819,4.73603648,3906.93926319,5.70635021,16.632,93.63341407,41.7802023,51.85321176,42.0223862,38.63391233,210926.30183122,34.79866393,31.19455738,0.434117466,6.135403372,39.464483098,20.758619596807034,23.848246536652734,91.93650295375183,normal_or_insufficient_data
TUN,Tunisia,2022,44929920092.7955,2.75228761,3707.29283414,8.30646124,15.3,116.09579438,51.32593971,64.76985467,36.44648465,33.23401918,210903.3332653,42.0223862,38.63391233,0.534052112,6.73492594,38.271138932,-13.268883693234917,-13.97708081924407,91.18580159143002,sharp_production_decline
TUN,Tunisia,2023,48205328303.3398,0.18401555,3951.11683377,9.32899598,15.106,112.12885801,53.03939391,59.0894641,34.39829523,31.36436712,208463.03128043,36.44648465,33.23401918,0.049461292,7.139206784,37.073193594,-5.619717346320257,-5.62571758135454,91.18000444581916,normal_or_insufficient_data
TUN,Tunisia,2024,51412122479.8468,1.61444565,4187.64079392,7.20661657,15.341,106.2985492,50.00169003,56.29685918,29.86268768,26.98445372,213511.32688245,34.39829523,31.36436712,0.062331812,7.236515032,35.505703538,-13.18555910888378,-13.96461590709757,90.36177188455932,production_below_trend
TUN,Tunisia,2025,57502836548.0878,2.49311011,4656.63818387,5.15100198,15.108,101.44620545,46.6517326,54.79447285,28.11277923,25.3260274,,29.86268768,26.98445372,2.35597908,7.139885196,34.168526598,-5.859849149385069,-6.145858416139913,90.08724179420093,production_below_trend
TUR,Turkiye,2021,839938668172.134,11.81109445,9981.76398411,19.59649269,11.969,69.60889761,35.05363329,34.55526432,84.39849594,66.28732877,2083352.24124858,78.42659945,61.52069945,5.241958186,14.905809338,74.734205654,7.614631428470025,7.748008983340647,78.540888711008,normal_or_insufficient_data
TUR,Turkiye,2022,926097476913.818,5.44122511,10897.83978614,72.30883599,10.465,79.89827223,38.14121075,41.75706148,86.92746085,69.0118,2169850.10235945,84.39849594,66.28732877,4.765031748,27.13871432,79.042217276,2.996457320516558,4.110093558684821,79.39010219001467,normal_or_insufficient_data
TUR,Turkiye,2023,1141242864657.45,5.0451237,13375.09472829,53.85940876,9.388,65.68320847,31.91359268,33.76961579,97.12681298,78.86878904,2308690.19212104,86.92746085,69.0118,5.080425876,34.644103292,84.400400968,11.733176179619193,14.283048753981204,81.20187064743942,normal_or_insufficient_data
TUR,Turkiye,2024,1359123768774.12,3.32762309,15892.71572872,58.50645073,8.8,54.59880612,27.56822321,27.03058291,119.82534372,101.9931612,2385101.85793899,97.12681298,78.86878904,5.485625764,43.310029124,93.340942588,23.369994385251783,29.32005479160074,85.11818788380104,normal_or_insufficient_data
TUR,Turkiye,2025,1597293229287.0,3.60462514,18599.44209224,34.88116298,8.52,49.93467836,24.84977199,25.08490637,142.57042752,124.61568767,2475992.18255436,119.82534372,101.9931612,5.845938298,47.83047023,106.169708202,18.98186401463552,22.180434652514723,87.40640667049884,normal_or_insufficient_data
TUV,Tuvalu,2021,61597447.1614093,0.0,6042.51983141,,,,,,,,,,,3.014182958,,,,,,normal_or_insufficient_data
TUV,Tuvalu,2022,54104146.3198082,-10.9375,5414.74642912,,,,,,,,,,,0.17307713,,,,,,normal_or_insufficient_data
TUV,Tuvalu,2023,50491930.924381,3.50877193,5143.83974372,,,,,,,,,,,0.597494744,,,,,,normal_or_insufficient_data
TUV,Tuvalu,2024,56752265.8012166,3.38983051,5883.50257114,,,,,,,,,,,-1.413840118,,,,,,normal_or_insufficient_data
TUV,Tuvalu,2025,57345434.7234984,1.63934426,6041.44908591,,,,,,,,,,,-0.47991066,,,,,,normal_or_insufficient_data
TZA,Tanzania,2021,70655628147.8986,4.32138429,1159.85656738,3.69091959,1.876,29.91518401,14.12002233,15.79516168,0.0,0.0,155484.76266316,0.0,0.0,4.868658972,3.851733068,0.0,,,,normal_or_insufficient_data
TZA,Tanzania,2022,75749121846.9703,4.56600576,1207.52062988,4.35027204,1.573,35.00345171,15.41371052,19.58974119,0.0,0.0,166897.93485447,0.0,0.0,4.43640613,3.658044266,0.0,,,,normal_or_insufficient_data
TZA,Tanzania,2023,79030935638.1317,5.06952353,1224.00219727,3.79923291,1.565,38.21203481,17.19542988,21.01660493,0.0,0.0,169396.21215844,0.0,0.0,4.349775638,3.71899915,0.0,,,,normal_or_insufficient_data
TZA,Tanzania,2024,79235713444.9777,5.52631383,1192.60668945,3.05694676,1.557,41.30810686,19.73254941,21.57555746,0.0,0.0,173564.13328514,0.0,0.0,4.295038404,3.637532386,0.0,,,,normal_or_insufficient_data
TZA,Tanzania,2025,90143496090.4411,5.85286829,1318.81921387,3.32697361,1.572,38.97157114,18.98468186,19.98688928,0.0,0.0,,0.0,0.0,5.06721914,3.644868982,0.0,,,,normal_or_insufficient_data
UGA,Uganda,2021,40529788748.6737,3.53658034,882.79171754,2.20457205,3.416,41.71363074,15.78100817,25.93262257,0.0,0.0,89226.79089405,0.0,0.0,4.472392218,3.24224239,0.0,,,,normal_or_insufficient_data
UGA,Uganda,2022,45565333210.9108,4.58802192,963.06731412,7.19578886,2.885,34.50530193,12.02199543,22.48330649,0.0,0.0,91615.82771505,0.0,0.0,4.763715498,3.63945675,0.0,,,,normal_or_insufficient_data
UGA,Uganda,2023,48768955863.3175,5.33697296,1002.30913917,5.35094804,2.754,33.34169633,11.60170893,21.7399874,0.0,0.0,91001.2576809,0.0,0.0,4.570325334,4.186443976,0.0,,,,normal_or_insufficient_data
UGA,Uganda,2024,53911907079.0485,6.05558076,1077.91278439,3.32338034,2.74,42.65278891,16.75759312,25.89519579,0.0,0.0,93317.02298304,0.0,0.0,4.49369248,4.277602438,0.0,,,,normal_or_insufficient_data
UGA,Uganda,2025,61985829288.1496,6.33181158,1206.30450825,3.58082784,2.746,50.19901761,21.43959809,28.75941952,0.0,0.0,,0.0,0.0,5.169793512,4.331103426,0.0,,,,normal_or_insufficient_data
UKR,Ukraine,2021,199765859570.935,3.44562066,4775.94580078,9.36313918,9.834,82.69796136,40.68834048,42.00962089,61.54828776,33.3023589,508714.81110561,61.17640765,33.5879071,1.74812824,9.074505484,59.792957714,0.6078815744258563,-0.8501518095481454,54.107693507020805,normal_or_insufficient_data
UKR,Ukraine,2022,161989520721.19,-28.75858422,4199.67089844,20.18363666,,87.39651399,35.44511534,51.95139865,57.07030162,28.59601918,408427.87253308,61.54828776,33.3023589,-4.47558306,10.223568266,60.04460927,-7.275565743536778,-14.1321512212758,50.10665506975115,normal_or_insufficient_data
UKR,Ukraine,2023,181221517868.744,5.53473355,5139.59814453,12.84902228,,77.50961419,28.30046827,49.20914592,59.79796358,31.86200548,434560.4559916,57.07030162,28.59601918,-4.066308818,10.603001534,60.327736506,4.779477035467611,11.421122217893267,53.28276010164425,normal_or_insufficient_data
UKR,Ukraine,2024,190833835445.1,3.24811808,5391.62255859,6.50198465,,79.68846739,29.6719973,50.01647009,58.84128516,31.54513934,434560.4559916,59.79796358,31.86200548,-4.056585974,10.326054972,59.686849154,-1.5998511700488245,-0.9944952780794011,53.61055465430966,normal_or_insufficient_data
UKR,Ukraine,2025,214233312784.397,1.82152377,5865.88476563,12.7303341,,77.18027399,25.33353323,51.84674076,57.91861369,31.23073699,,58.84128516,31.54513934,-2.941717632,12.325623374,59.035290362,-1.568068181194702,-0.9966744689611505,53.921761935044685,normal_or_insufficient_data
URY,Uruguay,2021,60739061281.1628,5.84427325,17881.81196168,7.74791402,9.328,58.31505551,32.94460253,25.37045297,1.46285084,0.0,122920.97019886,1.9718,0.0,0.264090262,7.842187304,1.874730168,-25.811398721979916,,0.0,production_below_trend
URY,Uruguay,2022,71240669088.0587,4.60623001,21009.28837987,9.10437983,7.877,60.20268283,32.89133806,27.31134477,1.44806434,0.0,118853.63493198,1.46285084,0.0,0.837260966,8.419444504,1.775143036,-1.010800253565155,,0.0,production_below_trend
URY,Uruguay,2023,79208725899.5531,0.76174924,23378.63997335,5.8691036,8.355,52.32731084,27.98124866,24.34606218,1.47273642,0.0,119873.21980684,1.44806434,0.0,0.956655292,8.071958504,1.67671032,1.7037972221593414,,0.0,production_below_trend
URY,Uruguay,2024,82322859144.2816,3.32575906,24308.49549584,4.84914367,8.209,51.45822376,28.23490146,23.2233223,1.43700352,0.0,119976.5172657,1.47273642,0.0,1.436136898,7.465389496,1.558491024,-2.426292954716228,,0.0,normal_or_insufficient_data
URY,Uruguay,2025,85347696277.6859,1.78471117,25215.82381528,4.6503272,7.516,49.71714972,27.07143709,22.64571263,1.41155132,0.0,,1.43700352,0.0,3.264544546,6.444173664,1.446441288,-1.7711995583699058,,0.0,normal_or_insufficient_data
USA,United States,2021,23725645000000.0,6.15202248,71441.23198059,4.69785886,5.349,25.23272602,10.82666878,14.40605724,19038.88356164,11311.29713425,38658546.2772477,18609.48106011,11307.56284699,2.41571984,2.463269328,18140.5318975,2.3074394183427156,0.03302468719856855,59.41155686796821,normal_or_insufficient_data
USA,United States,2022,26054614000000.0,2.52421385,78008.68958119,8.00279982,3.65,26.90789816,11.65409704,15.25380111,20394.57522466,12004.2177726,38737968.729519,19038.88356164,11311.29713425,2.42903815,3.637807292,19084.78060983,7.1206468521687905,6.125916684231321,58.85985680194584,normal_or_insufficient_data
USA,United States,2023,27811517000000.0,2.93436322,82586.78477079,4.11633838,3.638,24.92929818,11.05067372,13.87862446,21981.60540548,12943.38353699,38930112.1421003,20394.57522466,12004.2177726,2.42260978,3.972558308,19899.148890926,7.781629003486429,7.823631511698122,58.88279449217673,normal_or_insufficient_data
USA,United States,2024,29298013000000.0,2.79318715,86169.66415819,2.9495252,4.022,25.0160173,10.97469648,14.04132082,22844.37075956,13234.58562022,39080786.596,21981.60540548,12943.38353699,2.464482144,4.200021332,20573.78320229,3.924942415101825,2.2498142189620953,57.933684230201614,normal_or_insufficient_data
USA,United States,2025,30769700000000.0,2.16138196,90026.51630057,,4.198,,,,23612.12734247,13586.08690411,39304922.5843115,22844.37075956,13234.58562022,3.313033732,4.941630565,21574.312458762,3.360813002865077,2.6559296526290255,57.538597463318595,normal_or_insufficient_data
UZB,Uzbekistan,2021,81170051810.5825,8.20448512,2370.36480556,10.84923975,5.364,54.74778221,20.30200109,34.44578112,37.52346047,36.14381644,217715.06926546,39.18530546,38.00150546,5.40867535,13.928525528,41.887567434,-4.24099026533402,-4.888461647803361,96.323249474544,production_below_trend
UZB,Uzbekistan,2022,94286355836.1594,6.08592336,2698.60262953,11.4466437,4.456,60.04835826,22.23295939,37.81539887,49.74022757,34.37859452,245693.20917417,37.52346047,36.14381644,5.685805218,13.44270576,42.38620829,32.5576771091443,-4.883883590241031,69.11627911556819,normal_or_insufficient_data
UZB,Uzbekistan,2023,107526539716.318,6.31603004,3015.97705069,9.95659071,4.434,63.1021943,23.31523219,39.78696211,49.00784099,32.69985479,281541.68592332,49.74022757,34.37859452,5.804274464,11.929187972,43.357726624,-1.4724230583169404,-4.88309587241381,66.7237203872588,normal_or_insufficient_data
UZB,Uzbekistan,2024,121356065241.228,6.67618796,3337.45492059,9.62825466,4.439,57.52954326,21.56700528,35.96253797,46.12149685,31.10422678,281541.68592332,49.00784099,32.69985479,5.78084986,10.949691712,44.315666268,-5.889555796977377,-4.879618029643244,67.43975999122414,normal_or_insufficient_data
UZB,Uzbekistan,2025,147038081129.405,7.69962478,3968.27200791,8.79638847,4.622,57.4005392,22.03599768,35.36454152,49.68560977,29.58386027,,46.12149685,31.10422678,6.996450252,10.135423458,46.41572713,7.727660989823231,-4.887973974577612,59.542109691210094,normal_or_insufficient_data
VCT,St. Vincent and the Grenadines,2021,888677777.777778,2.09340124,8641.27904024,1.57272933,20.356,,,,0.0,0.0,3630.94306512,0.0,0.0,0.64332371,1.267029818,0.0,,,,normal_or_insufficient_data
VCT,St. Vincent and the Grenadines,2022,989188888.888889,3.110833,9693.55867833,5.66009779,19.277,,,,0.0,0.0,3786.95417404,0.0,0.0,0.955869964,1.968382078,0.0,,,,normal_or_insufficient_data
VCT,St. Vincent and the Grenadines,2023,1072237037.03704,5.32636472,10582.36567252,4.5645772,18.348,,,,0.0,0.0,3816.79115356,0.0,0.0,1.38602062,2.416468548,0.0,,,,normal_or_insufficient_data
VCT,St. Vincent and the Grenadines,2024,1157207407.40741,4.0618349,11501.22651872,3.62770737,18.093,,,,0.0,0.0,4024.63940379,0.0,0.0,2.064701904,2.959396076,0.0,,,,normal_or_insufficient_data
VCT,St. Vincent and the Grenadines,2025,1255222222.22222,3.39216705,12561.76916679,0.81532289,18.003,,,,0.0,0.0,,0.0,0.0,3.596920182,3.248086916,0.0,,,,normal_or_insufficient_data
VEN,"Venezuela, RB",2021,56615026262.6535,0.625,2004.93572921,,7.027,29.22638727,15.35005294,13.87633433,613.92430554,594.80821918,421558.25363011,552.85715792,527.06284153,-18.432078178,,1139.969929404,11.045736994660851,12.853377683265116,96.8862470197876,production_below_trend
VEN,"Venezuela, RB",2022,89013251020.9831,8.07453416,3155.04190924,,5.646,27.89805423,16.34909431,11.54895992,742.64696692,723.65753425,487311.23346592,613.92430554,594.80821918,-13.6773864,,875.289963884,20.96718768395677,21.662329287855353,97.44300676958859,production_below_trend
VEN,"Venezuela, RB",2023,102377501185.925,4.02298851,3617.47038397,,5.407,28.09443232,18.06636669,10.02806563,809.70789902,770.50684932,475773.77569518,742.64696692,723.65753425,-8.94421727,,729.368320126,9.029988014106303,6.4739621786090735,95.15861834280665,normal_or_insufficient_data
VEN,"Venezuela, RB",2024,120566112397.063,5.52486188,4244.45723136,,5.321,26.23738857,16.73503372,9.50235486,902.65098749,863.46994536,498169.61202802,809.70789902,770.50684932,-2.31543537,,724.357463378,11.47859476022035,12.06518749600257,95.65933647965636,normal_or_insufficient_data
VEN,"Venezuela, RB",2025,99661244155.6306,1.57068063,3494.81388702,,5.307,25.01153138,14.90316735,10.10836402,1011.86163028,972.61643836,,902.65098749,863.46994536,3.963613036,,816.15835785,12.098878116079154,12.640450728657889,96.12148630350376,normal_or_insufficient_data
VGB,British Virgin Islands,2021,,,,,,,,,0.0,0.0,2739.9167459,0.0,0.0,,,0.0,,,,normal_or_insufficient_data
VGB,British Virgin Islands,2022,,,,,,,,,0.0,0.0,2781.46484538,0.0,0.0,,,0.0,,,,normal_or_insufficient_data
VGB,British Virgin Islands,2023,,,,,,,,,0.0,0.0,2823.02349541,0.0,0.0,,,0.0,,,,normal_or_insufficient_data
VGB,British Virgin Islands,2024,,,,,,,,,0.0,0.0,2823.02349541,0.0,0.0,,,0.0,,,,normal_or_insufficient_data
VGB,British Virgin Islands,2025,,,,,,,,,0.0,0.0,,0.0,0.0,,,0.0,,,,normal_or_insufficient_data
VIR,Virgin Islands (U.S.),2021,4507000000.0,3.66760708,42571.07773685,,13.508,180.29731529,90.28178389,90.0155314,0.0,0.0,35155.0823268,0.0,0.0,1.220803432,,0.0,,,,normal_or_insufficient_data
VIR,Virgin Islands (U.S.),2022,4672000000.0,-1.31123206,44320.90918577,,12.092,205.62928082,97.36729452,108.2619863,0.0,0.0,33346.03792147,0.0,0.0,1.105615844,,0.0,,,,normal_or_insufficient_data
VIR,Virgin Islands (U.S.),2023,,,,,11.358,,,,0.0,0.0,34902.81647272,0.0,0.0,0.912443085,,0.0,,,,normal_or_insufficient_data
VIR,Virgin Islands (U.S.),2024,,,,,11.423,,,,0.0,0.0,35432.43446468,0.0,0.0,0.24714561333333335,,0.0,,,,normal_or_insufficient_data
VIR,Virgin Islands (U.S.),2025,,,,,11.443,,,,0.0,0.0,,0.0,0.0,1.17818751,,0.0,,,,normal_or_insufficient_data
VNM,Viet Nam,2021,366474752771.009,2.55372853,3704.193559,1.83471555,2.383,186.67583284,93.85020713,92.82562571,206.04667127,184.15169041,849457.24522664,214.46288859,193.27968859,5.436720334,2.982271708,241.229524826,-3.9243233994156097,-4.722688786695546,89.37377598723292,production_below_trend
VNM,Viet Nam,2022,413445230668.578,8.53750041,4147.69777214,3.1565075,1.57,183.15361915,93.42012904,89.7334901,201.04718835,179.26770137,1065398.88165999,206.04667127,184.15169041,5.756182342,2.90952183,223.790266244,-2.426383735871551,-2.652155420960928,89.16697758434482,production_below_trend
VNM,Viet Nam,2023,433805036898.465,4.97865959,4322.82572262,3.25289283,1.645,164.99558546,86.73666409,78.25892137,197.36036308,173.3879726,1132131.94507954,201.04718835,179.26770137,5.258912888,2.852174784,211.824532312,-1.8338109079056912,-3.2798595201845755,87.85349291727701,normal_or_insufficient_data
VNM,Viet Nam,2024,476324572783.807,7.03955197,4716.65993796,3.62109274,1.602,173.88526022,90.16626934,83.71899088,197.16718687,162.81011475,1160510.86799993,197.36036308,173.3879726,5.194970742,3.017228598,203.216859632,-0.0978799425504178,-6.100687199568767,82.57465014061749,normal_or_insufficient_data
VNM,Viet Nam,2025,514697215165.065,8.01882999,5065.99091899,3.30999314,1.523,190.33680882,98.24440786,92.09240095,199.0740266,164.66995616,,197.16718687,162.81011475,6.225654098,3.035040352,200.139087234,0.9671181905421482,1.1423377551547362,82.71795119253392,normal_or_insufficient_data
VUT,Vanuatu,2021,1093826088.94269,-1.16332489,3576.13770954,2.34328358,4.776,60.14266384,7.94507275,52.19759109,0.0,0.0,4047.62682355,0.0,0.0,0.625358936,3.170128908,0.0,,,,normal_or_insufficient_data
VUT,Vanuatu,2022,1151863789.76624,5.5919573,3679.53524327,6.67930582,5.077,70.47383948,15.35462701,55.11921248,0.0,0.0,4063.02008844,0.0,0.0,0.89908601,3.889084824,0.0,,,,normal_or_insufficient_data
VUT,Vanuatu,2023,1188137265.19047,5.82973013,3708.18942411,11.18250171,5.011,78.0648945,28.3701474,49.69474711,0.0,0.0,4540.72827739,0.0,0.0,1.561966458,5.659392406,0.0,,,,normal_or_insufficient_data
VUT,Vanuatu,2024,1297956614.77783,3.76564827,3959.87703462,1.14348949,4.988,73.38350434,25.34864325,48.03486109,0.0,0.0,4793.34557546,0.0,0.0,1.659741598,5.335586266,0.0,,,,normal_or_insufficient_data
VUT,Vanuatu,2025,1353658840.63993,3.05357824,4038.73520713,0.65645514,5.073,,,,0.0,0.0,,0.0,0.0,3.41551781,4.401007148,0.0,,,,normal_or_insufficient_data
WLD,World,2021,98780038374127.0,6.48508888,12472.90741572,3.4754032,6.04556088,56.49899434,28.4640231,27.53228458,,,,,,2.602480574,2.450460018,,,,,normal_or_insufficient_data
WLD,World,2022,102862471365575.0,3.44001097,12876.23771241,8.08169507,5.23462797,62.14707212,30.72140113,29.95074097,,,,,,2.601165522,3.62217037,,,,,normal_or_insufficient_data
WLD,World,2023,107348614073350.0,2.85938493,13313.8575826,5.79944107,4.84991714,58.06589515,29.0719076,28.29804656,,,,,,2.515716336,4.293541924,,,,,normal_or_insufficient_data
WLD,World,2024,111669432109121.0,2.9000134,13717.09099563,3.01447577,4.80627977,56.72284654,29.07780304,28.11215126,,,,,,2.559657266,4.455222466,,,,,normal_or_insufficient_data
WLD,World,2025,118350166039396.0,2.92127319,14405.84845955,3.04141322,4.79133307,68.49207908,29.48075088,28.49919411,,,,,,3.721154274,4.682485666,,,,,normal_or_insufficient_data
WSM,Samoa,2021,859724936.05765,-5.0435059,4021.55934894,3.13320473,6.664,59.76977959,11.47091314,48.29886645,0.0,0.0,4352.48880443,0.0,0.0,-0.580731308,1.698794896,0.0,,,,normal_or_insufficient_data
WSM,Samoa,2022,889554711.842341,2.26705311,4132.44717734,10.96188223,5.048,60.84777898,11.48577424,49.36200474,0.0,0.0,4533.54719792,0.0,0.0,-0.408577166,3.541191988,0.0,,,,normal_or_insufficient_data
WSM,Samoa,2023,1044909500.02527,15.23360647,4822.7408465,7.92164685,4.92,80.84051257,26.20857991,54.63193266,0.0,0.0,4814.43086668,0.0,0.0,2.760073548,4.28602958,0.0,,,,normal_or_insufficient_data
WSM,Samoa,2024,1175749785.65113,4.74838639,5392.87761916,2.17245531,4.855,79.52414756,30.65787028,48.86627728,0.0,0.0,4936.99565002,0.0,0.0,2.819379042,4.524055328,0.0,,,,normal_or_insufficient_data
WSM,Samoa,2025,1287936621.64619,4.20440659,5872.78333309,2.21196208,4.996,70.62963235,27.61898734,43.01064501,0.0,0.0,,0.0,0.0,4.281989332,5.28023024,0.0,,,,normal_or_insufficient_data
XKX,Kosovo,2021,9412099545.05799,10.74565608,5269.69946181,3.35369139,,98.63843049,33.40918273,65.22924776,,,,,,3.678893818,1.753988678,,,,,normal_or_insufficient_data
XKX,Kosovo,2022,9367633202.54673,4.27849896,5298.1473871,11.58051045,,110.01203162,38.62565701,71.3863746,,,,,,3.56946248,3.772443906,,,,,normal_or_insufficient_data
XKX,Kosovo,2023,10466753839.9923,4.06762701,6220.33213919,4.94432439,,109.95185158,39.64047567,70.31137591,,,,,,3.701661428,4.550549236,,,,,normal_or_insufficient_data
XKX,Kosovo,2024,11203038332.3359,4.57309717,7026.69881283,1.61944995,,113.78965196,41.74835296,72.04129901,,,,,,3.664920748,4.33924082,,,,,normal_or_insufficient_data
XKX,Kosovo,2025,12456403306.8191,3.59217143,7899.41841135,3.8595387,,118.19088416,43.95208772,74.23879644,,,,,,5.45141013,5.071502976,,,,,normal_or_insufficient_data
YEM,"Yemen, Rep.",2021,,,,,18.312,,,,57.09958304,56.85613699,215782.92438144,58.49828306,58.27568306,-2.159674045,,51.558481714,-2.3910103798523346,-2.4359149399217697,99.57364653638633,normal_or_insufficient_data
YEM,"Yemen, Rep.",2022,,,,,17.224,,,,48.80467181,48.56460274,221219.50058329,57.09958304,56.85613699,0.75244759,,54.873516076,-14.527095975795763,-14.583358435797944,99.50810227567024,production_below_trend
YEM,"Yemen, Rep.",2023,,,,,16.944,,,,15.24572047,15.0,207190.32795597,48.80467181,48.56460274,,,48.47622017,-68.76176008445943,-69.11330649546254,98.38826593676882,production_below_trend
YEM,"Yemen, Rep.",2024,,,,,16.97,,,,15.22285742,15.0,209498.11049452,15.24572047,15.0,,,38.97422316,-0.14996372290170948,0.0,98.53603424211799,production_below_trend
YEM,"Yemen, Rep.",2025,,,,,17.322,,,,15.20231026,15.0,,15.22285742,15.0,,,30.3150286,-0.13497571075588516,0.0,98.66921371462655,production_below_trend
ZAF,South Africa,2021,419986284375.368,4.85864865,6828.7562459,4.61874545,34.007,56.16471363,31.19161051,24.97310312,100.25049078,0.82930411,1301438.7834567,100.3820765,1.01443716,0.332879464,4.330008746,110.494584688,-0.13108487549567677,-18.24982929450258,0.827231970185473,normal_or_insufficient_data
ZAF,South Africa,2022,407596043067.885,2.05813662,6534.24867783,7.03987273,33.268,64.9471344,33.53944032,31.40769409,93.32695986,0.67836712,1301881.82251034,100.25049078,0.82930411,0.512917398,4.70074598,105.286233098,-6.906231446979855,-18.20043916097317,0.7268715503190291,production_below_trend
ZAF,South Africa,2023,381440724491.232,0.80610455,6034.27208965,6.07524385,32.098,65.67987597,33.25381276,32.42606322,101.67622378,0.5547589,1307416.56110871,93.32695986,0.67836712,0.362781538,5.01382022,102.645486622,8.946250828833117,-18.221434435088778,0.5456132017651925,normal_or_insufficient_data
ZAF,South Africa,2024,401144998373.585,0.53484353,6267.18681409,4.36115247,32.279,61.64677047,31.79190706,29.85486341,91.99496494,0.45389344,1338239.55889371,101.67622378,0.5547589,0.417763128,5.065480564,97.526143172,-9.521654601323156,-18.181855216743706,0.49338943745022745,normal_or_insufficient_data
ZAF,South Africa,2025,427184325997.307,1.11462608,6597.71450919,3.20550474,32.391,60.91109714,31.41019473,29.50090241,95.20968246,0.37091507,,91.99496494,0.45389344,1.874471886,5.060103848,96.491664364,3.4944494213315584,-18.281464918285668,0.38957704764516027,normal_or_insufficient_data
ZMB,Zambia,2021,22096416932.0089,6.23492205,1127.16077873,22.02076762,5.197,86.20851119,52.21609002,33.99242118,0.14129901,0.0,68732.62637255,0.1292,0.0,2.490305936,12.1952056,0.134979802,9.364558823529412,,0.0,normal_or_insufficient_data
ZMB,Zambia,2022,29163782140.4858,5.2112236,1447.12310138,10.99320392,5.993,69.29731542,40.19399771,29.10331771,0.13933928,0.0,72019.66343194,0.14129901,0.0,2.827378102,13.078384076,0.136227658,-1.386938238279235,,0.0,normal_or_insufficient_data
ZMB,Zambia,2023,27577956471.244,5.36794285,1330.72780577,10.88453169,5.861,78.24188705,40.84612397,37.39576308,0.1426194,0.0,78729.02736272,0.13933928,0.0,3.094067892,13.756376028,0.137811538,2.354052640432762,,0.0,normal_or_insufficient_data
ZMB,Zambia,2024,25303185342.2511,3.82004826,1187.1094335,14.98562627,5.898,62.53488741,34.98187275,27.55301466,0.1211992,0.0,80770.13292891,0.1426194,0.0,3.569816338,14.923437994,0.134731378,-15.01913484420773,,0.0,production_below_trend
ZMB,Zambia,2025,28879806220.1264,3.75772837,1317.8777162,13.90990958,5.918,,,,0.10115509,0.0,,0.1211992,0.0,4.878373026,14.558807816,0.129122396,-16.53815371718625,,0.0,production_below_trend
ZWE,Zimbabwe,2021,41287852523.5016,8.46801677,2613.61674141,98.54610509,9.54,34.94011695,15.65023593,19.28988101,0.8,0.0,55950.37150465,0.8,0.0,0.812589826,184.51314828,0.8,0.0,,0.0,normal_or_insufficient_data
ZWE,Zimbabwe,2022,40757585308.5016,6.13926328,2536.40197088,104.70517063,10.087,43.61507643,18.77052399,24.84455244,0.8,0.0,68001.09284658,0.8,0.0,1.093560246,205.275389942,0.8,0.0,,0.0,normal_or_insufficient_data
ZWE,Zimbabwe,2023,35871781303.429,5.35086879,2195.2250201,,9.348,40.2912612,17.11707601,23.1741852,0.8,0.0,78829.55308436,0.8,0.0,1.161749696,253.93952096,0.8,0.0,,0.0,normal_or_insufficient_data
ZWE,Zimbabwe,2024,41521975830.2351,1.67649455,2496.15514996,,9.435,41.50395272,18.0564211,23.44753162,0.8,0.0,80750.39979727,0.8,0.0,2.763538558,253.48436436,0.8,0.0,,0.0,normal_or_insufficient_data
ZWE,Zimbabwe,2025,51215643905.5886,8.10671343,3021.43019874,,9.293,,,,0.8,0.0,,0.8,0.0,5.948271364,101.62563786,0.8,0.0,,0.0,normal_or_insufficient_data
